I7_Index_ID,index,I5_Index_ID,index2,primer
D701,ATTACTCG,D501,AGGCTATA,1
D702,TCCGGAGA,D501,AGGCTATA,2
D703,CGCTCATT,D501,AGGCTATA,3
D704,GAGATTCC,D501,AGGCTATA,4
D701,ATTACTCG,D502,GCCTCTAT,5
D702,TCCGGAGA,D502,GCCTCTAT,6
D703,CGCTCATT,D502,GCCTCTAT,7
D704,GAGATTCC,D502,GCCTCTAT,8
D701,ATTACTCG,D503,AGGATAGG,9
D702,TCCGGAGA,D503,AGGATAGG,10
D703,CGCTCATT,D503,AGGATAGG,11
D704,GAGATTCC,D503,AGGATAGG,12
D701,ATTACTCG,D504,TCAGAGCC,13
D702,TCCGGAGA,D504,TCAGAGCC,14
D703,CGCTCATT,D504,TCAGAGCC,15
D704,GAGATTCC,D504,TCAGAGCC,16
D701,ATTACTCG,D505,CTTCGCCT,17
D702,TCCGGAGA,D505,CTTCGCCT,18
D703,CGCTCATT,D505,CTTCGCCT,19
D704,GAGATTCC,D505,CTTCGCCT,20
D701,ATTACTCG,D506,TAAGATTA,21
D702,TCCGGAGA,D506,TAAGATTA,22
D703,CGCTCATT,D506,TAAGATTA,23
D704,GAGATTCC,D506,TAAGATTA,24
D701,ATTACTCG,D507,ACGTCCTG,25
D702,TCCGGAGA,D507,ACGTCCTG,26
D703,CGCTCATT,D507,ACGTCCTG,27
D704,GAGATTCC,D507,ACGTCCTG,28
D701,ATTACTCG,D508,GTCAGTAC,29
D702,TCCGGAGA,D508,GTCAGTAC,30
D703,CGCTCATT,D508,GTCAGTAC,31
D704,GAGATTCC,D508,GTCAGTAC,32
D705,ATTCAGAA,D501,AGGCTATA,33
D706,GAATTCGT,D501,AGGCTATA,34
D707,CTGAAGCT,D501,AGGCTATA,35
D708,TAATGCGC,D501,AGGCTATA,36
D705,ATTCAGAA,D502,GCCTCTAT,37
D706,GAATTCGT,D502,GCCTCTAT,38
D707,CTGAAGCT,D502,GCCTCTAT,39
D708,TAATGCGC,D502,GCCTCTAT,40
D705,ATTCAGAA,D503,AGGATAGG,41
D706,GAATTCGT,D503,AGGATAGG,42
D707,CTGAAGCT,D503,AGGATAGG,43
D708,TAATGCGC,D503,AGGATAGG,44
D705,ATTCAGAA,D504,TCAGAGCC,45
D706,GAATTCGT,D504,TCAGAGCC,46
D707,CTGAAGCT,D504,TCAGAGCC,47
D708,TAATGCGC,D504,TCAGAGCC,48
D705,ATTCAGAA,D505,CTTCGCCT,49
D706,GAATTCGT,D505,CTTCGCCT,50
D707,CTGAAGCT,D505,CTTCGCCT,51
D708,TAATGCGC,D505,CTTCGCCT,52
D705,ATTCAGAA,D506,TAAGATTA,53
D706,GAATTCGT,D506,TAAGATTA,54
D707,CTGAAGCT,D506,TAAGATTA,55
D708,TAATGCGC,D506,TAAGATTA,56
D705,ATTCAGAA,D507,ACGTCCTG,57
D706,GAATTCGT,D507,ACGTCCTG,58
D707,CTGAAGCT,D507,ACGTCCTG,59
D708,TAATGCGC,D507,ACGTCCTG,60
D705,ATTCAGAA,D508,GTCAGTAC,61
D706,GAATTCGT,D508,GTCAGTAC,62
D707,CTGAAGCT,D508,GTCAGTAC,63
D708,TAATGCGC,D508,GTCAGTAC,64
D709,CGGCTATG,D501,AGGCTATA,65
D710,TCCGCGAA,D501,AGGCTATA,66
D711,TCTCGCGC,D501,AGGCTATA,67
D712,AGCGATAG,D501,AGGCTATA,68
D709,CGGCTATG,D502,GCCTCTAT,69
D710,TCCGCGAA,D502,GCCTCTAT,70
D711,TCTCGCGC,D502,GCCTCTAT,71
D712,AGCGATAG,D502,GCCTCTAT,72
D709,CGGCTATG,D503,AGGATAGG,73
D710,TCCGCGAA,D503,AGGATAGG,74
D711,TCTCGCGC,D503,AGGATAGG,75
D712,AGCGATAG,D503,AGGATAGG,76
D709,CGGCTATG,D504,TCAGAGCC,77
D710,TCCGCGAA,D504,TCAGAGCC,78
D711,TCTCGCGC,D504,TCAGAGCC,79
D712,AGCGATAG,D504,TCAGAGCC,80
D709,CGGCTATG,D505,CTTCGCCT,81
D710,TCCGCGAA,D505,CTTCGCCT,82
D711,TCTCGCGC,D505,CTTCGCCT,83
D712,AGCGATAG,D505,CTTCGCCT,84
D709,CGGCTATG,D506,TAAGATTA,85
D710,TCCGCGAA,D506,TAAGATTA,86
D711,TCTCGCGC,D506,TAAGATTA,87
D712,AGCGATAG,D506,TAAGATTA,88
D709,CGGCTATG,D507,ACGTCCTG,89
D710,TCCGCGAA,D507,ACGTCCTG,90
D711,TCTCGCGC,D507,ACGTCCTG,91
D712,AGCGATAG,D507,ACGTCCTG,92
D709,CGGCTATG,D508,GTCAGTAC,93
D710,TCCGCGAA,D508,GTCAGTAC,94
D711,TCTCGCGC,D508,GTCAGTAC,95
D712,AGCGATAG,D508,GTCAGTAC,96
D713,TTCCTCCT,D509,GCAAGCAA,97
D714,TGCTTGCT,D509,GCAAGCAA,98
D715,GGTGATGA,D509,GCAAGCAA,99
D716,AACCTACG,D509,GCAAGCAA,100
D713,TTCCTCCT,D510,AACCTCTC,101
D714,TGCTTGCT,D510,AACCTCTC,102
D715,GGTGATGA,D510,AACCTCTC,103
D716,AACCTACG,D510,AACCTCTC,104
D713,TTCCTCCT,D511,AACCAGGT,105
D714,TGCTTGCT,D511,AACCAGGT,106
D715,GGTGATGA,D511,AACCAGGT,107
D716,AACCTACG,D511,AACCAGGT,108
D713,TTCCTCCT,D512,TTCCGCTT,109
D714,TGCTTGCT,D512,TTCCGCTT,110
D715,GGTGATGA,D512,TTCCGCTT,111
D716,AACCTACG,D512,TTCCGCTT,112
D713,TTCCTCCT,D513,TTGTTCCG,113
D714,TGCTTGCT,D513,TTGTTCCG,114
D715,GGTGATGA,D513,TTGTTCCG,115
D716,AACCTACG,D513,TTGTTCCG,116
D713,TTCCTCCT,D514,AGCTTACC,117
D714,TGCTTGCT,D514,AGCTTACC,118
D715,GGTGATGA,D514,AGCTTACC,119
D716,AACCTACG,D514,AGCTTACC,120
D713,TTCCTCCT,D515,ATGCCACA,121
D714,TGCTTGCT,D515,ATGCCACA,122
D715,GGTGATGA,D515,ATGCCACA,123
D716,AACCTACG,D515,ATGCCACA,124
D713,TTCCTCCT,D516,TCCGTAGT,125
D714,TGCTTGCT,D516,TCCGTAGT,126
D715,GGTGATGA,D516,TCCGTAGT,127
D716,AACCTACG,D516,TCCGTAGT,128
D717,GGATCTGA,D509,GCAAGCAA,129
D718,TGATCACG,D509,GCAAGCAA,130
D719,AAGCGACT,D509,GCAAGCAA,131
D720,AAGCGTTC,D509,GCAAGCAA,132
D717,GGATCTGA,D510,AACCTCTC,133
D718,TGATCACG,D510,AACCTCTC,134
D719,AAGCGACT,D510,AACCTCTC,135
D720,AAGCGTTC,D510,AACCTCTC,136
D717,GGATCTGA,D511,AACCAGGT,137
D718,TGATCACG,D511,AACCAGGT,138
D719,AAGCGACT,D511,AACCAGGT,139
D720,AAGCGTTC,D511,AACCAGGT,140
D717,GGATCTGA,D512,TTCCGCTT,141
D718,TGATCACG,D512,TTCCGCTT,142
D719,AAGCGACT,D512,TTCCGCTT,143
D720,AAGCGTTC,D512,TTCCGCTT,144
D717,GGATCTGA,D513,TTGTTCCG,145
D718,TGATCACG,D513,TTGTTCCG,146
D719,AAGCGACT,D513,TTGTTCCG,147
D720,AAGCGTTC,D513,TTGTTCCG,148
D717,GGATCTGA,D514,AGCTTACC,149
D718,TGATCACG,D514,AGCTTACC,150
D719,AAGCGACT,D514,AGCTTACC,151
D720,AAGCGTTC,D514,AGCTTACC,152
D717,GGATCTGA,D515,ATGCCACA,153
D718,TGATCACG,D515,ATGCCACA,154
D719,AAGCGACT,D515,ATGCCACA,155
D720,AAGCGTTC,D515,ATGCCACA,156
D717,GGATCTGA,D516,TCCGTAGT,157
D718,TGATCACG,D516,TCCGTAGT,158
D719,AAGCGACT,D516,TCCGTAGT,159
D720,AAGCGTTC,D516,TCCGTAGT,160
D721,AAGGCGTA,D509,GCAAGCAA,161
D722,CTGATGAG,D509,GCAAGCAA,162
D723,GCAGAAGA,D509,GCAAGCAA,163
D724,AATCCAGC,D509,GCAAGCAA,164
D721,AAGGCGTA,D510,AACCTCTC,165
D722,CTGATGAG,D510,AACCTCTC,166
D723,GCAGAAGA,D510,AACCTCTC,167
D724,AATCCAGC,D510,AACCTCTC,168
D721,AAGGCGTA,D511,AACCAGGT,169
D722,CTGATGAG,D511,AACCAGGT,170
D723,GCAGAAGA,D511,AACCAGGT,171
D724,AATCCAGC,D511,AACCAGGT,172
D721,AAGGCGTA,D512,TTCCGCTT,173
D722,CTGATGAG,D512,TTCCGCTT,174
D723,GCAGAAGA,D512,TTCCGCTT,175
D724,AATCCAGC,D512,TTCCGCTT,176
D721,AAGGCGTA,D513,TTGTTCCG,177
D722,CTGATGAG,D513,TTGTTCCG,178
D723,GCAGAAGA,D513,TTGTTCCG,179
D724,AATCCAGC,D513,TTGTTCCG,180
D721,AAGGCGTA,D514,AGCTTACC,181
D722,CTGATGAG,D514,AGCTTACC,182
D723,GCAGAAGA,D514,AGCTTACC,183
D724,AATCCAGC,D514,AGCTTACC,184
D721,AAGGCGTA,D515,ATGCCACA,185
D722,CTGATGAG,D515,ATGCCACA,186
D723,GCAGAAGA,D515,ATGCCACA,187
D724,AATCCAGC,D515,ATGCCACA,188
D721,AAGGCGTA,D516,TCCGTAGT,189
D722,CTGATGAG,D516,TCCGTAGT,190
D723,GCAGAAGA,D516,TCCGTAGT,191
D724,AATCCAGC,D516,TCCGTAGT,192
D713,TTCCTCCT,D501,AGGCTATA,193
D714,TGCTTGCT,D501,AGGCTATA,194
D715,GGTGATGA,D501,AGGCTATA,195
D716,AACCTACG,D501,AGGCTATA,196
D713,TTCCTCCT,D502,GCCTCTAT,197
D714,TGCTTGCT,D502,GCCTCTAT,198
D715,GGTGATGA,D502,GCCTCTAT,199
D716,AACCTACG,D502,GCCTCTAT,200
D713,TTCCTCCT,D503,AGGATAGG,201
D714,TGCTTGCT,D503,AGGATAGG,202
D715,GGTGATGA,D503,AGGATAGG,203
D716,AACCTACG,D503,AGGATAGG,204
D713,TTCCTCCT,D504,TCAGAGCC,205
D714,TGCTTGCT,D504,TCAGAGCC,206
D715,GGTGATGA,D504,TCAGAGCC,207
D716,AACCTACG,D504,TCAGAGCC,208
D713,TTCCTCCT,D505,CTTCGCCT,209
D714,TGCTTGCT,D505,CTTCGCCT,210
D715,GGTGATGA,D505,CTTCGCCT,211
D716,AACCTACG,D505,CTTCGCCT,212
D713,TTCCTCCT,D506,TAAGATTA,213
D714,TGCTTGCT,D506,TAAGATTA,214
D715,GGTGATGA,D506,TAAGATTA,215
D716,AACCTACG,D506,TAAGATTA,216
D713,TTCCTCCT,D507,ACGTCCTG,217
D714,TGCTTGCT,D507,ACGTCCTG,218
D715,GGTGATGA,D507,ACGTCCTG,219
D716,AACCTACG,D507,ACGTCCTG,220
D713,TTCCTCCT,D508,GTCAGTAC,221
D714,TGCTTGCT,D508,GTCAGTAC,222
D715,GGTGATGA,D508,GTCAGTAC,223
D716,AACCTACG,D508,GTCAGTAC,224
D717,GGATCTGA,D501,AGGCTATA,225
D718,TGATCACG,D501,AGGCTATA,226
D719,AAGCGACT,D501,AGGCTATA,227
D720,AAGCGTTC,D501,AGGCTATA,228
D717,GGATCTGA,D502,GCCTCTAT,229
D718,TGATCACG,D502,GCCTCTAT,230
D719,AAGCGACT,D502,GCCTCTAT,231
D720,AAGCGTTC,D502,GCCTCTAT,232
D717,GGATCTGA,D503,AGGATAGG,233
D718,TGATCACG,D503,AGGATAGG,234
D719,AAGCGACT,D503,AGGATAGG,235
D720,AAGCGTTC,D503,AGGATAGG,236
D717,GGATCTGA,D504,TCAGAGCC,237
D718,TGATCACG,D504,TCAGAGCC,238
D719,AAGCGACT,D504,TCAGAGCC,239
D720,AAGCGTTC,D504,TCAGAGCC,240
D717,GGATCTGA,D505,CTTCGCCT,241
D718,TGATCACG,D505,CTTCGCCT,242
D719,AAGCGACT,D505,CTTCGCCT,243
D720,AAGCGTTC,D505,CTTCGCCT,244
D717,GGATCTGA,D506,TAAGATTA,245
D718,TGATCACG,D506,TAAGATTA,246
D719,AAGCGACT,D506,TAAGATTA,247
D720,AAGCGTTC,D506,TAAGATTA,248
D717,GGATCTGA,D507,ACGTCCTG,249
D718,TGATCACG,D507,ACGTCCTG,250
D719,AAGCGACT,D507,ACGTCCTG,251
D720,AAGCGTTC,D507,ACGTCCTG,252
D717,GGATCTGA,D508,GTCAGTAC,253
D718,TGATCACG,D508,GTCAGTAC,254
D719,AAGCGACT,D508,GTCAGTAC,255
D720,AAGCGTTC,D508,GTCAGTAC,256
D721,AAGGCGTA,D501,AGGCTATA,257
D722,CTGATGAG,D501,AGGCTATA,258
D723,GCAGAAGA,D501,AGGCTATA,259
D724,AATCCAGC,D501,AGGCTATA,260
D721,AAGGCGTA,D502,GCCTCTAT,261
D722,CTGATGAG,D502,GCCTCTAT,262
D723,GCAGAAGA,D502,GCCTCTAT,263
D724,AATCCAGC,D502,GCCTCTAT,264
D721,AAGGCGTA,D503,AGGATAGG,265
D722,CTGATGAG,D503,AGGATAGG,266
D723,GCAGAAGA,D503,AGGATAGG,267
D724,AATCCAGC,D503,AGGATAGG,268
D721,AAGGCGTA,D504,TCAGAGCC,269
D722,CTGATGAG,D504,TCAGAGCC,270
D723,GCAGAAGA,D504,TCAGAGCC,271
D724,AATCCAGC,D504,TCAGAGCC,272
D721,AAGGCGTA,D505,CTTCGCCT,273
D722,CTGATGAG,D505,CTTCGCCT,274
D723,GCAGAAGA,D505,CTTCGCCT,275
D724,AATCCAGC,D505,CTTCGCCT,276
D721,AAGGCGTA,D506,TAAGATTA,277
D722,CTGATGAG,D506,TAAGATTA,278
D723,GCAGAAGA,D506,TAAGATTA,279
D724,AATCCAGC,D506,TAAGATTA,280
D721,AAGGCGTA,D507,ACGTCCTG,281
D722,CTGATGAG,D507,ACGTCCTG,282
D723,GCAGAAGA,D507,ACGTCCTG,283
D724,AATCCAGC,D507,ACGTCCTG,284
D721,AAGGCGTA,D508,GTCAGTAC,285
D722,CTGATGAG,D508,GTCAGTAC,286
D723,GCAGAAGA,D508,GTCAGTAC,287
D724,AATCCAGC,D508,GTCAGTAC,288
D701,ATTACTCG,D509,GCAAGCAA,289
D702,TCCGGAGA,D509,GCAAGCAA,290
D703,CGCTCATT,D509,GCAAGCAA,291
D704,GAGATTCC,D509,GCAAGCAA,292
D701,ATTACTCG,D510,AACCTCTC,293
D702,TCCGGAGA,D510,AACCTCTC,294
D703,CGCTCATT,D510,AACCTCTC,295
D704,GAGATTCC,D510,AACCTCTC,296
D701,ATTACTCG,D511,AACCAGGT,297
D702,TCCGGAGA,D511,AACCAGGT,298
D703,CGCTCATT,D511,AACCAGGT,299
D704,GAGATTCC,D511,AACCAGGT,300
D701,ATTACTCG,D512,TTCCGCTT,301
D702,TCCGGAGA,D512,TTCCGCTT,302
D703,CGCTCATT,D512,TTCCGCTT,303
D704,GAGATTCC,D512,TTCCGCTT,304
D701,ATTACTCG,D513,TTGTTCCG,305
D702,TCCGGAGA,D513,TTGTTCCG,306
D703,CGCTCATT,D513,TTGTTCCG,307
D704,GAGATTCC,D513,TTGTTCCG,308
D701,ATTACTCG,D514,AGCTTACC,309
D702,TCCGGAGA,D514,AGCTTACC,310
D703,CGCTCATT,D514,AGCTTACC,311
D704,GAGATTCC,D514,AGCTTACC,312
D701,ATTACTCG,D515,ATGCCACA,313
D702,TCCGGAGA,D515,ATGCCACA,314
D703,CGCTCATT,D515,ATGCCACA,315
D704,GAGATTCC,D515,ATGCCACA,316
D701,ATTACTCG,D516,TCCGTAGT,317
D702,TCCGGAGA,D516,TCCGTAGT,318
D703,CGCTCATT,D516,TCCGTAGT,319
D704,GAGATTCC,D516,TCCGTAGT,320
D705,ATTCAGAA,D509,GCAAGCAA,321
D706,GAATTCGT,D509,GCAAGCAA,322
D707,CTGAAGCT,D509,GCAAGCAA,323
D708,TAATGCGC,D509,GCAAGCAA,324
D705,ATTCAGAA,D510,AACCTCTC,325
D706,GAATTCGT,D510,AACCTCTC,326
D707,CTGAAGCT,D510,AACCTCTC,327
D708,TAATGCGC,D510,AACCTCTC,328
D705,ATTCAGAA,D511,AACCAGGT,329
D706,GAATTCGT,D511,AACCAGGT,330
D707,CTGAAGCT,D511,AACCAGGT,331
D708,TAATGCGC,D511,AACCAGGT,332
D705,ATTCAGAA,D512,TTCCGCTT,333
D706,GAATTCGT,D512,TTCCGCTT,334
D707,CTGAAGCT,D512,TTCCGCTT,335
D708,TAATGCGC,D512,TTCCGCTT,336
D705,ATTCAGAA,D513,TTGTTCCG,337
D706,GAATTCGT,D513,TTGTTCCG,338
D707,CTGAAGCT,D513,TTGTTCCG,339
D708,TAATGCGC,D513,TTGTTCCG,340
D705,ATTCAGAA,D514,AGCTTACC,341
D706,GAATTCGT,D514,AGCTTACC,342
D707,CTGAAGCT,D514,AGCTTACC,343
D708,TAATGCGC,D514,AGCTTACC,344
D705,ATTCAGAA,D515,ATGCCACA,345
D706,GAATTCGT,D515,ATGCCACA,346
D707,CTGAAGCT,D515,ATGCCACA,347
D708,TAATGCGC,D515,ATGCCACA,348
D705,ATTCAGAA,D516,TCCGTAGT,349
D706,GAATTCGT,D516,TCCGTAGT,350
D707,CTGAAGCT,D516,TCCGTAGT,351
D708,TAATGCGC,D516,TCCGTAGT,352
D709,CGGCTATG,D509,GCAAGCAA,353
D710,TCCGCGAA,D509,GCAAGCAA,354
D711,TCTCGCGC,D509,GCAAGCAA,355
D712,AGCGATAG,D509,GCAAGCAA,356
D709,CGGCTATG,D510,AACCTCTC,357
D710,TCCGCGAA,D510,AACCTCTC,358
D711,TCTCGCGC,D510,AACCTCTC,359
D712,AGCGATAG,D510,AACCTCTC,360
D709,CGGCTATG,D511,AACCAGGT,361
D710,TCCGCGAA,D511,AACCAGGT,362
D711,TCTCGCGC,D511,AACCAGGT,363
D712,AGCGATAG,D511,AACCAGGT,364
D709,CGGCTATG,D512,TTCCGCTT,365
D710,TCCGCGAA,D512,TTCCGCTT,366
D711,TCTCGCGC,D512,TTCCGCTT,367
D712,AGCGATAG,D512,TTCCGCTT,368
D709,CGGCTATG,D513,TTGTTCCG,369
D710,TCCGCGAA,D513,TTGTTCCG,370
D711,TCTCGCGC,D513,TTGTTCCG,371
D712,AGCGATAG,D513,TTGTTCCG,372
D709,CGGCTATG,D514,AGCTTACC,373
D710,TCCGCGAA,D514,AGCTTACC,374
D711,TCTCGCGC,D514,AGCTTACC,375
D712,AGCGATAG,D514,AGCTTACC,376
D709,CGGCTATG,D515,ATGCCACA,377
D710,TCCGCGAA,D515,ATGCCACA,378
D711,TCTCGCGC,D515,ATGCCACA,379
D712,AGCGATAG,D515,ATGCCACA,380
D709,CGGCTATG,D516,TCCGTAGT,381
D710,TCCGCGAA,D516,TCCGTAGT,382
D711,TCTCGCGC,D516,TCCGTAGT,383
D712,AGCGATAG,D516,TCCGTAGT,384
S5701,TTACCGAC,S5501,CGTATTCG,385
S5702,TCGTCTGA,S5502,TCAAGGAC,386
S5703,TTCCAGGT,S5503,AAGCACTG,387
S5704,TACGGTCT,S5504,GCAATGGA,388
S5705,AAGACCGT,S5505,CAATCGAC,389
S5706,CAGGTTCA,S5506,GGCGTTAT,390
S5707,TAGGAGCT,S5507,GTTAAGGC,391
S5708,TACTCCAG,S5508,CCTATACC,392
S5709,AGTGACCT,S5509,CTCCTAGA,393
S5710,AGCCTATC,S5510,GTTACGCA,394
S5711,TCATCTCC,S5511,CTAGCAAG,395
S5712,CCAGTATC,S5512,ATCTCGCT,396
S5713,TTGCGAGA,S5513,GTGCCATA,397
S5714,GAACGAAG,S5514,GGTGATTC,398
S5715,CGAATTGC,S5515,CACCTTAC,399
S5716,GGAAGAGA,S5516,TTCTCTCG,400
S5717,TCGGATTC,S5517,TAGTTGCG,401
S5718,CTGTACCA,S5518,AGTCTGTG,402
S5719,GAGAGTAC,S5519,TGCTTCCA,403
S5720,TCTACGCA,S5520,GGCTATTG,404
S5721,GCAATTCC,S5521,TGTTCGAG,405
S5722,CTCAGAAG,S5522,AACTTGCC,406
S5723,GTCCTAAG,S5523,TGGTAGCT,407
S5724,GCGTTAGA,S5524,GTATGCTG,408
S5725,CAAGGTAC,S5525,GAGATACG,409
S5726,AGACCTTG,S5526,GCACGTAA,410
S5727,GTCGTTAC,S5527,GCTTAGCT,411
S5728,GTAACCGA,S5528,GGTGTCTT,412
S5729,GAATCCGT,S5529,TGGAGTTG,413
S5730,CATGAGCA,S5530,GCAAGATC,414
S5731,CTTAGGAC,S5531,CAGTGAAG,415
S5732,ATCTGACC,S5532,AAGTCGAG,416
S5733,TCCTCATG,S5533,AGGTGTAC,417
S5734,AGGATAGC,S5534,AACCTTGG,418
S5735,GGAGGAAT,S5535,AACCGTTC,419
S5736,GACGTCAT,S5536,TCAACTGG,420
S5737,CCGCTTAA,S5537,ACGATGAC,421
S5738,GACGAACT,S5538,TCGCATTG,422
S5739,TCCACGTT,S5539,GTTCAACC,423
S5740,AACCAGAG,S5540,AACCGAAG,424
S5741,GTCAGTCA,S5541,TAATGCCG,425
S5742,CCTTCCAT,S5542,ATTGCGTG,426
S5743,AGGAACAC,S5543,GACATTCC,427
S5744,CTTACAGC,S5544,CTTCACCA,428
S5745,TACCTGCA,S5545,TGATGTCC,429
S5746,AGACGCTA,S5546,TGTACACC,430
S5747,CAACACAG,S5547,TGGCTATC,431
S5748,GTACCACA,S5548,TGTTGTGG,432
S5749,CGAATACG,S5549,GTCGGTAA,433
S5750,GTCCTTGA,S5550,TCAGACGA,434
S5751,CAGTGCTT,S5551,ACCTGGAA,435
S5752,TCCATTGC,S5552,AGACCGTA,436
S5753,GTCGATTG,S5553,ACGGTCTT,437
S5754,ATAACGCC,S5554,TGAACCTG,438
S5755,GCCTTAAC,S5555,AGCTCCTA,439
S5756,GGTATAGG,S5556,CTGGAGTA,440
S5757,TCTAGGAG,S5557,AGGTCACT,441
S5758,TGCGTAAC,S5558,GATAGGCT,442
S5759,CTTGCTAG,S5559,GGAGATGA,443
S5760,AGCGAGAT,S5560,GATACTGG,444
S5761,TATGGCAC,S5561,TCTCGCAA,445
S5762,GAATCACC,S5562,CTTCGTTC,446
S5763,GTAAGGTG,S5563,GCAATTCG,447
S5764,CGAGAGAA,S5564,TCTCTTCC,448
S5765,CGCAACTA,S5565,GAATCCGA,449
S5766,CACAGACT,S5566,TGGTACAG,450
S5767,TGGAAGCA,S5567,GTACTCTC,451
S5768,CAATAGCC,S5568,TGCGTAGA,452
S5769,CTCGAACA,S5569,GGAATTGC,453
S5770,GGCAAGTT,S5570,CTTCTGAG,454
S5771,AGCTACCA,S5571,CTTAGGAC,455
S5772,CAGCATAC,S5572,TCTAACGC,456
S5773,CGTATCTC,S5573,GTACCTTG,457
S5774,TTACGTGC,S5574,CAAGGTCT,458
S5775,AGCTAAGC,S5575,GTAACGAC,459
S5776,AAGACACC,S5576,TCGGTTAC,460
S5777,CAACTCCA,S5577,ACGGATTC,461
S5778,GATCTTGC,S5578,TGCTCATG,462
S5779,CTTCACTG,S5579,GTCCTAAG,463
S5780,CTCGACTT,S5580,GGTCAGAT,464
S5781,GTACACCT,S5581,CATGAGGA,465
S5782,CCAAGGTT,S5582,GCTATCCT,466
S5783,GAACGGTT,S5583,ATTCCTCC,467
S5784,CCAGTTGA,S5584,ATGACGTC,468
S5785,GTCATCGT,S5585,TTAAGCGG,469
S5786,CAATGCGA,S5586,AGTTCGTC,470
S5787,GGTTGAAC,S5587,AACGTGGA,471
S5788,CTTCGGTT,S5588,CTCTGGTT,472
S5789,CGGCATTA,S5589,TGACTGAC,473
S5790,CACGCAAT,S5590,ATGGAAGG,474
S5791,GGAATGTC,S5591,GTGTTCCT,475
S5792,TGGTGAAG,S5592,GCTGTAAG,476
S5793,GGACATCA,S5593,TGCAGGTA,477
S5794,GGTGTACA,S5594,TAGCGTCT,478
S5795,GATAGCCA,S5595,CTGTGTTG,479
S5796,CCACAACA,S5596,TGTGGTAC,480
S6701,CACTGTAG,S6501,AGTCGCTT,481
S6702,GTGCACGA,S6502,GCCTATCA,482
S6703,ATGTTCCT,S6503,GGCGCTGA,483
S6704,CATTATGG,S6504,ATGTGACT,484
S6705,TCTTGTTT,S6505,GTGAAAGG,485
S6706,GGCTTACT,S6506,AGGGAAAG,486
S6707,ACGATATG,S6507,GAATTGTC,487
S6708,ATCCGCAG,S6508,AGTCGTGT,488
S6709,AAGCGACT,S6509,GGATTCGT,489
S6710,TGATAGGC,S6510,ACTCAGAC,490
S6711,AACACCAC,S6511,CTCACACC,491
S6712,ACCTCTTC,S6512,TATGCAAG,492
S6713,GTCCGATC,S6513,GGATTGGC,493
S6714,GAGGACCA,S6514,ACCGGCAT,494
S6715,CGCTCTTA,S6515,ACGGTATG,495
S6716,CTGAGCTC,S6516,GCTCTGAT,496
S6717,ACGAATCC,S6517,TGGGTAAT,497
S6718,GTCTGAGT,S6518,CACAAGTC,498
S6719,CCTAAACT,S6519,CTCCTCGT,499
S6720,TGTCACAC,S6520,CGAGATTA,500
S6721,GATATGAA,S6521,CTGCCGTA,501
S6722,AAGTGTGG,S6522,GATGGGCA,502
S6723,GTTGGCGT,S6523,GACTGCTG,503
S6724,TAGCTGGC,S6524,AGCCGGTA,504
S6725,ATTACCCA,S6525,CTACAGTG,505
S6726,GACTTGTG,S6526,TCGTGCAC,506
S6727,CAGGTAAG,S6527,ATTTCGAG,507
S6728,AAGGAGAC,S6528,GTTGTGAG,508
S6729,AGTCAGGT,S6529,GTGGTTAC,509
S6730,ACCGTAAG,S6530,TGGATATG,510
S6731,TATGACGT,S6531,GATTAGCG,511
S6732,TTGGGTAC,S6532,GTTGGAAG,512
S6733,TTCAATAG,S6533,TCGTGGGA,513
S6734,GTTTGCTC,S6534,CTGTTGGT,514
S6735,AGAAGCCT,S6535,ATACTGAC,515
S6736,CTAGGTTG,S6536,GCTCGAAT,516
S6737,TGTGTCAG,S6537,TACAGGTG,517
S6738,AGAACCAG,S6538,AGAGTCGG,518
S6739,ATTGGACA,S6539,TCCAGCAA,519
S6740,ACCCGTTG,S6540,CGAAGCTG,520
S6741,ACCGGAGT,S6541,CCTTCCTT,521
S6742,CTTGACGA,S6542,TTGTGTGC,522
S6743,GCCACGAC,S6543,ACCCGAGG,523
S6744,TCTGGAAC,S6544,AGGTGCTA,524
S6745,CACTAGAC,S6545,AGTCCTCA,525
S6746,TTGCGTTA,S6546,TTCGGGAA,526
S6747,CCTATGCA,S6547,ATCGACTC,527
S6748,CAACCGAG,S6548,CACAGGTA,528
S6749,TGTTCGCC,S6549,TCCTACCT,529
S6750,ACAAGGCA,S6550,TTGCGCGA,530
S6751,TCAGCGCC,S6551,AGGAACAT,531
S6752,AGTCACAT,S6552,CCATAATG,532
S6753,CCTTTCAC,S6553,AAACAAGA,533
S6754,CTTTCCCT,S6554,AGTAAGCC,534
S6755,GACAATTC,S6555,CATATCGT,535
S6756,ACACGACT,S6556,CTGCGGAT,536
S6757,CCTGTCAA,S6557,ACAGCCAT,537
S6758,CCATCCGC,S6558,TACGCCTT,538
S6759,GGTGTGAG,S6559,GTGGTGTT,539
S6760,CTTGCATA,S6560,GAAGAGGT,540
S6761,GCCAATCC,S6561,GATCGGAC,541
S6762,ATGCCGGT,S6562,TGGTCCTC,542
S6763,CATACCGT,S6563,TAAGAGCG,543
S6764,ATCAGAGC,S6564,GAGCTCAG,544
S6765,ATGGCTGT,S6565,TTGACAGG,545
S6766,AAGGCGTA,S6566,GCGGATGG,546
S6767,ACGAGGAG,S6567,AGTTTAGG,547
S6768,TAATCTCG,S6568,GTGTGACA,548
S6769,TACGGCAG,S6569,TTCATATC,549
S6770,TGCCCATC,S6570,CCACACTT,550
S6771,CAGCAGTC,S6571,ACGCCAAC,551
S6772,TACCGGCT,S6572,GCCAGCTA,552
S6773,AGGTAGGA,S6573,GGCGAACA,553
S6774,TCGCGCAA,S6574,TGCCTTGT,554
S6775,CTCGAAAT,S6575,CTTACCTG,555
S6776,CTCACAAC,S6576,GTCTCCTT,556
S6777,GTAACCAC,S6577,ACCTGACT,557
S6778,CATATCCA,S6578,CTTACGGT,558
S6779,CGCTAATC,S6579,ACGTCATA,559
S6780,CTTCCAAC,S6580,GTACCCAA,560
S6781,AAGGAAGG,S6581,ACTCCGGT,561
S6782,GCACACAA,S6582,TCGTCAAG,562
S6783,GTCAGTAT,S6583,AGGCTTCT,563
S6784,ATTCGAGC,S6584,CAACCTAG,564
S6785,CACCTGTA,S6585,CTGACACA,565
S6786,CCGACTCT,S6586,CTGGTTCT,566
S6787,TTGCTGGA,S6587,TGTCCAAT,567
S6788,CAGCTTCG,S6588,CAACGGGT,568
S6789,TCCCACGA,S6589,CTATTGAA,569
S6790,ACCAACAG,S6590,GAGCAAAC,570
S6791,CCTCGGGT,S6591,GTCGTGGC,571
S6792,TAGCACCT,S6592,GTTCCAGA,572
S6793,TGAGGACT,S6593,GTCTAGTG,573
S6794,TTCCCGAA,S6594,TAACGCAA,574
S6795,GAGTCGAT,S6595,TGCATAGG,575
S6796,TACCTGTG,S6596,CTCGGTTG,576
S7701,TGTCGTAG,S7501,TTAGCTTT,577
S7702,CAATCATA,S7502,AATCTCCA,578
S7703,GTTCTTAT,S7503,GTCTAATT,579
S7704,GATGCGAC,S7504,CCCAAAGT,580
S7705,GAAGAGGG,S7505,TCCGTCCG,581
S7706,TAGTAATC,S7506,GGCTCTGC,582
S7707,GTGTGGAG,S7507,GATCATGC,583
S7708,ACGTTGTA,S7508,TAGGTCGA,584
S7709,GCGCTAAT,S7509,GTCAGGGT,585
S7710,AGAGCTGC,S7510,CCTTCAAC,586
S7711,CATACTTA,S7511,TCCCGTGC,587
S7712,TTGCACCG,S7512,TTTATACG,588
S7713,GCGGGATA,S7513,CCGTCTCT,589
S7714,GAAGTGAA,S7514,GACTTGTA,590
S7715,CTGTTTAC,S7515,AAGATTCA,591
S7716,GAGCACTC,S7516,CAAGTTGC,592
S7717,TTGTTGCA,S7517,GACGTCGT,593
S7718,CCACACTT,S7518,CGTCATAC,594
S7719,CCCGTTTG,S7519,TTGCTGTA,595
S7720,ATGCTCCC,S7520,CCCTGCTG,596
S7721,GCTCAATA,S7521,CATTTATC,597
S7722,GTAGTTCG,S7522,CTTGATGC,598
S7723,CGAGAACC,S7523,ATGTATCG,599
S7724,GCCATGTA,S7524,ATAGGGTT,600
S7725,TTTCTCTA,S7525,CTCGACGT,601
S7726,CCAGCGAT,S7526,TCTAGTCA,602
S7727,TGGGAGTG,S7527,CCCGTCTA,603
S7728,CCCTCGTA,S7528,TAGAAGAG,604
S7729,CGATATGG,S7529,GGGACGTA,605
S7730,TTGTGCCC,S7530,TTTCCATC,606
S7731,TGTCCTCT,S7531,CGACGAAC,607
S7732,GTATAGTC,S7532,TTGGTCTC,608
S7733,TTTGGGAT,S7533,GTTCACGT,609
S7734,CACCAAGC,S7534,AAAGGGAA,610
S7735,CGGAGAGG,S7535,CGAGCGTC,611
S7736,TATTTACC,S7536,GACGTGAG,612
S7737,TATATGGA,S7537,CTTGGCAG,613
S7738,GTTAACAT,S7538,TGCGGCGT,614
S7739,CGTCTTGG,S7539,GACTGGCG,615
S7740,CGTAGCGA,S7540,TTGTTTAG,616
S7741,TAGTCACA,S7541,GAGGTATA,617
S7742,AGAAGTGG,S7542,ATCAAGAG,618
S7743,CGTGGATT,S7543,CTAAGAGT,619
S7744,GTAGATGC,S7544,TGTTGCTC,620
S7745,TACCGCTC,S7545,CGTCACTG,621
S7746,CGAACCAC,S7546,TCAATCTT,622
S7747,TATTGTTC,S7547,AAACACAC,623
S7748,GTTGTGTG,S7548,GTCGGACG,624
S7749,AAAGCTAA,S7549,CTACGACA,625
S7750,TGGAGATT,S7550,TATGATTG,626
S7751,AATTAGAC,S7551,ATAAGAAC,627
S7752,ACTTTGGG,S7552,GTCGCATC,628
S7753,CGGACGGA,S7553,CCCTCTTC,629
S7754,GCAGAGCC,S7554,GATTACTA,630
S7755,GCATGATC,S7555,CTCCACAC,631
S7756,TCGACCTA,S7556,TACAACGT,632
S7757,ACCCTGAC,S7557,ATTAGCGC,633
S7758,GTTGAAGG,S7558,GCAGCTCT,634
S7759,GCACGGGA,S7559,TAAGTATG,635
S7760,CGTATAAA,S7560,CGGTGCAA,636
S7761,AGAGACGG,S7561,TATCCCGC,637
S7762,TACAAGTC,S7562,TTCACTTC,638
S7763,TGAATCTT,S7563,GTAAACAG,639
S7764,GCAACTTG,S7564,GAGTGCTC,640
S7765,ACGACGTC,S7565,TGCAACAA,641
S7766,GTATGACG,S7566,AAGTGTGG,642
S7767,TACAGCAA,S7567,CAAACGGG,643
S7768,CAGCAGGG,S7568,GGGAGCAT,644
S7769,GATAAATG,S7569,TATTGAGC,645
S7770,GCATCAAG,S7570,CGAACTAC,646
S7771,CGATACAT,S7571,GGTTCTCG,647
S7772,AACCCTAT,S7572,TACATGGC,648
S7773,ACGTCGAG,S7573,TAGAGAAA,649
S7774,TGACTAGA,S7574,ATCGCTGG,650
S7775,TAGACGGG,S7575,CACTCCCA,651
S7776,CTCTTCTA,S7576,TACGAGGG,652
S7777,TACGTCCC,S7577,CCATATCG,653
S7778,GATGGAAA,S7578,GGGCACAA,654
S7779,GTTCGTCG,S7579,AGAGGACA,655
S7780,GAGACCAA,S7580,GACTATAC,656
S7781,ACGTGAAC,S7581,ATCCCAAA,657
S7782,TTCCCTTT,S7582,GCTTGGTG,658
S7783,GACGCTCG,S7583,CCTCTCCG,659
S7784,CTCACGTC,S7584,GGTAAATA,660
S7785,CTGCCAAG,S7585,TCCATATA,661
S7786,ACGCCGCA,S7586,ATGTTAAC,662
S7787,CGCCAGTC,S7587,CCAAGACG,663
S7788,CTAAACAA,S7588,TCGCTACG,664
S7789,TATACCTC,S7589,TGTGACTA,665
S7790,CTCTTGAT,S7590,CCACTTCT,666
S7791,ACTCTTAG,S7591,AATCCACG,667
S7792,GAGCAACA,S7592,GCATCTAC,668
S7793,CAGTGACG,S7593,GAGCGGTA,669
S7794,AAGATTGA,S7594,GTGGTTCG,670
S7795,GTGTGTTT,S7595,GAACAATA,671
S7796,CGTCCGAC,S7596,CACACAAC,672
S8701,ACTTCTGC,S8501,CCGGGACT,673
S8702,TTAAGCAG,S8502,GTCCAGGA,674
S8703,ATCAAATC,S8503,TCATGTAG,675
S8704,TTTGAGTC,S8504,CTATCCGG,676
S8705,AAATCCTC,S8505,GGCGGGTT,677
S8706,TACAGATG,S8506,CACGTTCG,678
S8707,TAAGCGCA,S8507,TTCTACGG,679
S8708,CAACGGAA,S8508,AGTAGATG,680
S8709,AGCCTGGA,S8509,AGCAGACT,681
S8710,GAGGACAG,S8510,GATTCGGC,682
S8711,CTATCGAA,S8511,ATCATAGT,683
S8712,TCACTAAC,S8512,AGATAGGG,684
S8713,TCGATAAG,S8513,GGACAACG,685
S8714,CTTTATTC,S8514,CCGTTCCA,686
S8715,CTGCCTTC,S8515,CCGAAGGG,687
S8716,ACAACCAA,S8516,TTTGGACA,688
S8717,GCAATGGG,S8517,CTTGTACT,689
S8718,CTGGACAC,S8518,TCACAGTA,690
S8719,AAGTATGC,S8519,AATTCCGG,691
S8720,TCCGATGG,S8520,CCGAGCGA,692
S8721,GACAACGG,S8521,TCCGCACT,693
S8722,TAGCTTTA,S8522,TGTGAAGC,694
S8723,AAACAGTC,S8523,ACGATCGG,695
S8724,ACCTCACT,S8524,GCTTACGG,696
S8725,GACATTAA,S8525,ATCCAACT,697
S8726,ATGTACGT,S8526,GCGTGTTA,698
S8727,ATGACAAA,S8527,GTGAGTCT,699
S8728,CCACCTAC,S8528,ACACTCTG,700
S8729,TGCTGTTG,S8529,CGTAATGT,701
S8730,CATTTCAG,S8530,GTAGTAAT,702
S8731,CGTCCCTA,S8531,AGGGTCCA,703
S8732,TACGATTA,S8532,TGCAAGCG,704
S8733,AAAGATCG,S8533,AAGGCAAC,705
S8734,GTGAGCTA,S8534,TTCATTGG,706
S8735,AACGCGGG,S8535,CAACTGAT,707
S8736,CTTGTGCT,S8536,GTGTATGT,708
S8737,GCTTACCC,S8537,ATATGGAG,709
S8738,AGTAAACA,S8538,ACTTAAGC,710
S8739,CGATGTAA,S8539,ATACGTGT,711
S8740,CCTAGTCG,S8540,ACTTCTTG,712
S8741,AGTAGTAA,S8541,TACTGATA,713
S8742,TACTAAGG,S8542,CTGACTCG,714
S8743,CATTCGGA,S8543,GATGGAAA,715
S8744,AATCGTCA,S8544,AGTTAAAG,716
S8745,GCTGATTT,S8545,ATAGAGGC,717
S8746,CGCGAAAG,S8546,AAAGGAGG,718
S8747,TTGCCACT,S8547,GGGAACTG,719
S8748,TTCGTGGA,S8548,ACAAGGTA,720
S8749,AGTCCCGG,S8549,GCAGAAGT,721
S8750,TCCTGGAC,S8550,CTGCTTAA,722
S8751,CTACATGA,S8551,GATTTGAT,723
S8752,CCGGATAG,S8552,GACTCAAA,724
S8753,AACCCGCC,S8553,GAGGATTT,725
S8754,CGAACGTG,S8554,CATCTGTA,726
S8755,CCGTAGAA,S8555,TGCGCTTA,727
S8756,CATCTACT,S8556,TTCCGTTG,728
S8757,AGTCTGCT,S8557,TCCAGGCT,729
S8758,GCCGAATC,S8558,CTGTCCTC,730
S8759,ACTATGAT,S8559,TTCGATAG,731
S8760,CCCTATCT,S8560,GTTAGTGA,732
S8761,CGTTGTCC,S8561,CTTATCGA,733
S8762,TGGAACGG,S8562,GAATAAAG,734
S8763,CCCTTCGG,S8563,GAAGGCAG,735
S8764,TGTCCAAA,S8564,TTGGTTGT,736
S8765,AGTACAAG,S8565,CCCATTGC,737
S8766,TACTGTGA,S8566,GTGTCCAG,738
S8767,CCGGAATT,S8567,GCATACTT,739
S8768,TCGCTCGG,S8568,CCATCGGA,740
S8769,AGTGCGGA,S8569,CCGTTGTC,741
S8770,GCTTCACA,S8570,TAAAGCTA,742
S8771,CCGATCGT,S8571,GACTGTTT,743
S8772,CCGTAAGC,S8572,AGTGAGGT,744
S8773,AGTTGGAT,S8573,TTAATGTC,745
S8774,TAACACGC,S8574,ACGTACAT,746
S8775,AGACTCAC,S8575,TTTGTCAT,747
S8776,CAGAGTGT,S8576,GTAGGTGG,748
S8777,ACATTACG,S8577,CAACAGCA,749
S8778,ATTACTAC,S8578,CTGAAATG,750
S8779,TGGACCCT,S8579,TAGGGACG,751
S8780,CGCTTGCA,S8580,TAATCGTA,752
S8781,GTTGCCTT,S8581,CGATCTTT,753
S8782,CCAATGAA,S8582,TAGCTCAC,754
S8783,ATCAGTTG,S8583,CCCGCGTT,755
S8784,ACATACAC,S8584,AGCACAAG,756
S8785,CTCCATAT,S8585,GGGTAAGC,757
S8786,GCTTAAGT,S8586,TGTTTACT,758
S8787,ACACGTAT,S8587,TTACATCG,759
S8788,CAAGAAGT,S8588,CGACTAGG,760
S8789,TATCAGTA,S8589,TTACTACT,761
S8790,CGAGTCAG,S8590,CCTTAGTA,762
S8791,TTTCCATC,S8591,TCCGAATG,763
S8792,CTTTAACT,S8592,TGACGATT,764
S8793,GCCTCTAT,S8593,AAATCAGC,765
S8794,CCTCCTTT,S8594,CTTTCGCG,766
S8795,CAGTTCCC,S8595,AGTGGCAA,767
S8796,TACCTTGT,S8596,TCCACGAA,768
A002,CGATGTAT,A500,NNNNNNNN,A002
A004,TGACCAAT,A500,NNNNNNNN,A004
A005,ACAGTGAT,A500,NNNNNNNN,A005
A006,GCCAATAT,A500,NNNNNNNN,A006
A007,CAGATCAT,A500,NNNNNNNN,A007
A012,CTTGTAAT,A500,NNNNNNNN,A012
A013,AGTCAACA,A500,NNNNNNNN,A013
A014,AGTTCCGT,A500,NNNNNNNN,A014
A015,ATGTCAGA,A500,NNNNNNNN,A015
A016,CCGTCCCG,A500,NNNNNNNN,A016
A018,GTCCGCAC,A500,NNNNNNNN,A018
A019,GTGAAACG,A500,NNNNNNNN,A019
A001,ATCACGAT,A500,NNNNNNNN,A001
A003,TTAGGCAT,A500,NNNNNNNN,A003
A008,ACTTGAAT,A500,NNNNNNNN,A008
A009,GATCAGAT,A500,NNNNNNNN,A009
A010,TAGCTTAT,A500,NNNNNNNN,A010
A011,GGCTACAT,A500,NNNNNNNN,A011
A020,GTGGCCTT,A500,NNNNNNNN,A020
A021,GTTTCGGA,A500,NNNNNNNN,A021
A022,CGTACGTA,A500,NNNNNNNN,A022
A023,GAGTGGAT,A500,NNNNNNNN,A023
A025,ACTGATAT,A500,NNNNNNNN,A025
A027,ATTCCTTT,A500,NNNNNNNN,A027
D019,GTGGCCTT,A500,NNNNNNNN,D019
D020,GTTTCGGA,A500,NNNNNNNN,D020
D021,CGTACGTA,A500,NNNNNNNN,D021
D022,GAGTGGAT,A500,NNNNNNNN,D022
N701,TAAGGCGA,S502,ATAGAGAG,H001
i785,CACCTGTT,i585,AGGATAGC,R1
i786,CTTCGACT,i585,AGGATAGC,R2
i787,TGCTTCCA,i585,AGGATAGC,R3
i788,AGAACGAG,i585,AGGATAGC,R4
i785,CACCTGTT,i586,GATCTTGC,R5
i786,CTTCGACT,i586,GATCTTGC,R6
i787,TGCTTCCA,i586,GATCTTGC,R7
i788,AGAACGAG,i586,GATCTTGC,R8
i785,CACCTGTT,i587,CGATCGAT,R9
i786,CTTCGACT,i587,CGATCGAT,R10
i787,TGCTTCCA,i587,CGATCGAT,R11
i788,AGAACGAG,i587,CGATCGAT,R12
i785,CACCTGTT,i588,ATTAGCCG,R13
i786,CTTCGACT,i588,ATTAGCCG,R14
i787,TGCTTCCA,i588,ATTAGCCG,R15
i788,AGAACGAG,i588,ATTAGCCG,R16
i785,CACCTGTT,i589,TGTTCCGT,R17
i786,CTTCGACT,i589,TGTTCCGT,R18
i787,TGCTTCCA,i589,TGTTCCGT,R19
i788,AGAACGAG,i589,TGTTCCGT,R20
i785,CACCTGTT,i590,ATCATGCG,R21
i786,CTTCGACT,i590,ATCATGCG,R22
i787,TGCTTCCA,i590,ATCATGCG,R23
i788,AGAACGAG,i590,ATCATGCG,R24
i785,CACCTGTT,i591,CCTTGGAA,R25
i786,CTTCGACT,i591,CCTTGGAA,R26
i787,TGCTTCCA,i591,CCTTGGAA,R27
i788,AGAACGAG,i591,CCTTGGAA,R28
i785,CACCTGTT,i592,TCGACAAG,R29
i786,CTTCGACT,i592,TCGACAAG,R30
i787,TGCTTCCA,i592,TCGACAAG,R31
i788,AGAACGAG,i592,TCGACAAG,R32
i785,CACCTGTT,i593,ATCGTCTC,R33
i786,CTTCGACT,i593,ATCGTCTC,R34
i787,TGCTTCCA,i593,ATCGTCTC,R35
i788,AGAACGAG,i593,ATCGTCTC,R36
i785,CACCTGTT,i594,CTAGCTCA,R37
i786,CTTCGACT,i594,CTAGCTCA,R38
i787,TGCTTCCA,i594,CTAGCTCA,R39
i788,AGAACGAG,i594,CTAGCTCA,R40
i785,CACCTGTT,i595,TCGAGAGT,R41
i786,CTTCGACT,i595,TCGAGAGT,R42
i787,TGCTTCCA,i595,TCGAGAGT,R43
i788,AGAACGAG,i595,TCGAGAGT,R44
i785,CACCTGTT,i596,ACGATCAG,R45
i786,CTTCGACT,i596,ACGATCAG,R46
i787,TGCTTCCA,i596,ACGATCAG,R47
i788,AGAACGAG,i596,ACGATCAG,R48
i789,GTTCTCGT,i585,AGGATAGC,R49
i790,TCAGGCTT,i585,AGGATAGC,R50
i791,CCTTGTAG,i585,AGGATAGC,R51
i792,GAACATCG,i585,AGGATAGC,R52
i789,GTTCTCGT,i586,GATCTTGC,R53
i790,TCAGGCTT,i586,GATCTTGC,R54
i791,CCTTGTAG,i586,GATCTTGC,R55
i792,GAACATCG,i586,GATCTTGC,R56
i789,GTTCTCGT,i587,CGATCGAT,R57
i790,TCAGGCTT,i587,CGATCGAT,R58
i791,CCTTGTAG,i587,CGATCGAT,R59
i792,GAACATCG,i587,CGATCGAT,R60
i789,GTTCTCGT,i588,ATTAGCCG,R61
i790,TCAGGCTT,i588,ATTAGCCG,R62
i791,CCTTGTAG,i588,ATTAGCCG,R63
i792,GAACATCG,i588,ATTAGCCG,R64
i789,GTTCTCGT,i589,TGTTCCGT,R65
i790,TCAGGCTT,i589,TGTTCCGT,R66
i791,CCTTGTAG,i589,TGTTCCGT,R67
i792,GAACATCG,i589,TGTTCCGT,R68
i789,GTTCTCGT,i590,ATCATGCG,R69
i790,TCAGGCTT,i590,ATCATGCG,R70
i791,CCTTGTAG,i590,ATCATGCG,R71
i792,GAACATCG,i590,ATCATGCG,R72
i789,GTTCTCGT,i591,CCTTGGAA,R73
i790,TCAGGCTT,i591,CCTTGGAA,R74
i791,CCTTGTAG,i591,CCTTGGAA,R75
i792,GAACATCG,i591,CCTTGGAA,R76
i789,GTTCTCGT,i592,TCGACAAG,R77
i790,TCAGGCTT,i592,TCGACAAG,R78
i791,CCTTGTAG,i592,TCGACAAG,R79
i792,GAACATCG,i592,TCGACAAG,R80
i789,GTTCTCGT,i593,ATCGTCTC,R81
i790,TCAGGCTT,i593,ATCGTCTC,R82
i791,CCTTGTAG,i593,ATCGTCTC,R83
i792,GAACATCG,i593,ATCGTCTC,R84
i789,GTTCTCGT,i594,CTAGCTCA,R85
i790,TCAGGCTT,i594,CTAGCTCA,R86
i791,CCTTGTAG,i594,CTAGCTCA,R87
i792,GAACATCG,i594,CTAGCTCA,R88
i789,GTTCTCGT,i595,TCGAGAGT,R89
i790,TCAGGCTT,i595,TCGAGAGT,R90
i791,CCTTGTAG,i595,TCGAGAGT,R91
i792,GAACATCG,i595,TCGAGAGT,R92
i789,GTTCTCGT,i596,ACGATCAG,R93
i790,TCAGGCTT,i596,ACGATCAG,R94
i791,CCTTGTAG,i596,ACGATCAG,R95
i792,GAACATCG,i596,ACGATCAG,R96
i793,TAACCGGT,i585,AGGATAGC,R97
i794,AACCGTTC,i585,AGGATAGC,R98
i795,TGGTACAG,i585,AGGATAGC,R99
i796,ATATGCGC,i585,AGGATAGC,R100
i793,TAACCGGT,i586,GATCTTGC,R101
i794,AACCGTTC,i586,GATCTTGC,R102
i795,TGGTACAG,i586,GATCTTGC,R103
i796,ATATGCGC,i586,GATCTTGC,R104
i793,TAACCGGT,i587,CGATCGAT,R105
i794,AACCGTTC,i587,CGATCGAT,R106
i795,TGGTACAG,i587,CGATCGAT,R107
i796,ATATGCGC,i587,CGATCGAT,R108
i793,TAACCGGT,i588,ATTAGCCG,R109
i794,AACCGTTC,i588,ATTAGCCG,R110
i795,TGGTACAG,i588,ATTAGCCG,R111
i796,ATATGCGC,i588,ATTAGCCG,R112
i793,TAACCGGT,i589,TGTTCCGT,R113
i794,AACCGTTC,i589,TGTTCCGT,R114
i795,TGGTACAG,i589,TGTTCCGT,R115
i796,ATATGCGC,i589,TGTTCCGT,R116
i793,TAACCGGT,i590,ATCATGCG,R117
i794,AACCGTTC,i590,ATCATGCG,R118
i795,TGGTACAG,i590,ATCATGCG,R119
i796,ATATGCGC,i590,ATCATGCG,R120
i793,TAACCGGT,i591,CCTTGGAA,R121
i794,AACCGTTC,i591,CCTTGGAA,R122
i795,TGGTACAG,i591,CCTTGGAA,R123
i796,ATATGCGC,i591,CCTTGGAA,R124
i793,TAACCGGT,i592,TCGACAAG,R125
i794,AACCGTTC,i592,TCGACAAG,R126
i795,TGGTACAG,i592,TCGACAAG,R127
i796,ATATGCGC,i592,TCGACAAG,R128
i793,TAACCGGT,i593,ATCGTCTC,R129
i794,AACCGTTC,i593,ATCGTCTC,R130
i795,TGGTACAG,i593,ATCGTCTC,R131
i796,ATATGCGC,i593,ATCGTCTC,R132
i793,TAACCGGT,i594,CTAGCTCA,R133
i794,AACCGTTC,i594,CTAGCTCA,R134
i795,TGGTACAG,i594,CTAGCTCA,R135
i796,ATATGCGC,i594,CTAGCTCA,R136
i793,TAACCGGT,i595,TCGAGAGT,R137
i794,AACCGTTC,i595,TCGAGAGT,R138
i795,TGGTACAG,i595,TCGAGAGT,R139
i796,ATATGCGC,i595,TCGAGAGT,R140
i793,TAACCGGT,i596,ACGATCAG,R141
i794,AACCGTTC,i596,ACGATCAG,R142
i795,TGGTACAG,i596,ACGATCAG,R143
i796,ATATGCGC,i596,ACGATCAG,R144
U701,CCGCGGTT,U501,CTAGCGCT,U1
U702,TTATAACC,U502,TCGATATC,U2
U703,GGACTTGG,U503,CGTCTGCG,U3
U704,AAGTCCAA,U504,TACTCATA,U4
U705,ATCCACTG,U505,ACGCACCT,U5
U706,GCTTGTCA,U506,GTATGTTC,U6
U707,CAAGCTAG,U507,CGCTATGT,U7
U708,TGGATCGA,U508,TATCGCAC,U8
U709,AGTTCAGG,U509,TCTGTTGG,U9
U710,GACCTGAA,U510,CTCACCAA,U10
U711,TCTCTACT,U511,GAACCGCG,U11
U712,CTCTCGTC,U512,AGGTTATA,U12
U713,CCAAGTCT,U513,TCATCCTT,U13
U714,TTGGACTC,U514,CTGCTTCC,U14
U715,GGCTTAAG,U515,GGTCACGA,U15
U716,AATCCGGA,U516,AACTGTAG,U16
U717,TAATACAG,U517,GTGAATAT,U17
U718,CGGCGTGA,U518,ACAGGCGC,U18
U719,ATGTAAGT,U519,CATAGAGT,U19
U720,GCACGGAC,U520,TGCGAGAC,U20
U721,GGTACCTT,U521,GACGTCTT,U21
U722,AACGTTCC,U522,AGTACTCC,U22
U723,GCAGAATT,U523,TGGCCGGT,U23
U724,ATGAGGCC,U524,CAATTAAC,U24
U725,ACTAAGAT,U525,CCGCGGTT,U25
U726,GTCGGAGC,U526,TTATAACC,U26
U727,CTTGGTAT,U527,GGACTTGG,U27
U728,TCCAACGC,U528,AAGTCCAA,U28
U729,CCGTGAAG,U529,ATCCACTG,U29
U730,TTACAGGA,U530,GCTTGTCA,U30
U731,GGCATTCT,U531,CAAGCTAG,U31
U732,AATGCCTC,U532,TGGATCGA,U32
U733,TACCGAGG,U533,AGTTCAGG,U33
U734,CGTTAGAA,U534,GACCTGAA,U34
U735,AGCCTCAT,U535,TCTCTACT,U35
U736,GATTCTGC,U536,CTCTCGTC,U36
U737,TCGTAGTG,U537,CCAAGTCT,U37
U738,CTACGACA,U538,TTGGACTC,U38
U739,TAAGTGGT,U539,GGCTTAAG,U39
U740,CGGACAAC,U540,AATCCGGA,U40
U741,ATATGGAT,U541,TAATACAG,U41
U742,GCGCAAGC,U542,CGGCGTGA,U42
U743,AAGATACT,U543,ATGTAAGT,U43
U744,GGAGCGTC,U544,GCACGGAC,U44
U745,ATGGCATG,U545,GGTACCTT,U45
U746,GCAATGCA,U546,AACGTTCC,U46
U747,GTTCCAAT,U547,GCAGAATT,U47
U748,ACCTTGGC,U548,ATGAGGCC,U48
M701,CAACACAG,M501,ATGTGAAG,M001
M702,ACACCTCA,M502,TTTGGGTG,M002
M703,ACCATAGG,M503,CACTTCGA,M003
M704,CAGGTAAG,M504,AGAGTCAA,M004
M705,AACGCACA,M505,AACCGAGA,M005
M706,TAGTCTCG,M506,AACGTGAT,M006
M707,CAGTCACA,M507,AGTTGGCT,M007
M708,CCAACACT,M508,CAATGTGG,M008
M709,ACATGCCA,M509,GAGCTCAA,M009
M710,ATTCCGCT,M510,AACGGTCA,M010
M711,CAAGGTAC,M511,ATGGTTGC,M011
M712,CCATGAAC,M512,ATAAGGCG,M012
M713,TCAGCCTT,M513,GAAGCAAG,M013
M714,CAGTGCTT,M514,CTTGTCGG,M014
M715,CTCGAACA,M515,CTCGAGTG,M015
M716,ACAGTTCG,M516,CCGTACAG,M016
M717,ATCCTTCC,M517,CATTCATG,M017
M718,CGAAGTCA,M518,CATGATAG,M018
M719,CTCTATCG,M519,ATCGGTGG,M019
M720,ACTCTCCA,M520,ATACTAGG,M020
M721,TCCTCATG,M521,AGGTCTTG,M021
M722,AACAACCG,M522,AGGAAGCG,M022
M723,CTCGTTCT,M523,AGATACGG,M023
M724,TCAGTAGG,M524,TACAGACT,M024
AD001,ATCACGTT,AD500,NNNNNNNN,AD001
AD002,CGATGTTT,AD500,NNNNNNNN,AD002
AD003,TTAGGCAT,AD500,NNNNNNNN,AD003
AD004,TGACCACT,AD500,NNNNNNNN,AD004
AD005,ACAGTGGT,AD500,NNNNNNNN,AD005
AD006,GCCAATGT,AD500,NNNNNNNN,AD006
AD007,CAGATCTG,AD500,NNNNNNNN,AD007
AD008,ACTTGATG,AD500,NNNNNNNN,AD008
AD009,GATCAGCG,AD500,NNNNNNNN,AD009
AD010,TAGCTTGT,AD500,NNNNNNNN,AD010
AD011,GGCTACAG,AD500,NNNNNNNN,AD011
AD012,CTTGTACT,AD500,NNNNNNNN,AD012
AD013,TGGTTGTT,AD500,NNNNNNNN,AD013
AD014,TCTCGGTT,AD500,NNNNNNNN,AD014
AD015,TAAGCGTT,AD500,NNNNNNNN,AD015
AD016,TCCGTCTT,AD500,NNNNNNNN,AD016
AD017,TGTACCTT,AD500,NNNNNNNN,AD017
AD018,TTCTGTGT,AD500,NNNNNNNN,AD018
AD019,TCTGCTGT,AD500,NNNNNNNN,AD019
AD020,TTGGAGGT,AD500,NNNNNNNN,AD020
AD021,TCGAGCGT,AD500,NNNNNNNN,AD021
AD022,TGATACGT,AD500,NNNNNNNN,AD022
AD023,GTGCTACC,AD500,NNNNNNNN,AD023
AD024,GGTTGGAC,AD500,NNNNNNNN,AD024
AD025,TGCGATCT,AD500,NNNNNNNN,AD025
AD026,TTCCTGCT,AD500,NNNNNNNN,AD026
AD027,TAGTGACT,AD500,NNNNNNNN,AD027
AD028,TACAGGAT,AD500,NNNNNNNN,AD028
AD029,TCCTCAAT,AD500,NNNNNNNN,AD029
AD030,TGTGGTTG,AD500,NNNNNNNN,AD030
AD031,TAGTCTTG,AD500,NNNNNNNN,AD031
AD032,TTCCATTG,AD500,NNNNNNNN,AD032
AD033,TCGAAGTG,AD500,NNNNNNNN,AD033
AD034,TAACGCTG,AD500,NNNNNNNN,AD034
AD035,TTGGTATG,AD500,NNNNNNNN,AD035
AD036,TGAACTGG,AD500,NNNNNNNN,AD036
AD037,GGCACAAC,AD500,NNNNNNNN,AD037
AD038,TCTCACGG,AD500,NNNNNNNN,AD038
AD039,TCAGGAGG,AD500,NNNNNNNN,AD039
AD040,TAAGTTCG,AD500,NNNNNNNN,AD040
AD041,TCCAGTCG,AD500,NNNNNNNN,AD041
AD042,TGTATGCG,AD500,NNNNNNNN,AD042
AD043,TCATTGAG,AD500,NNNNNNNN,AD043
AD044,TGGCTCAG,AD500,NNNNNNNN,AD044
AD045,TATGCCAG,AD500,NNNNNNNN,AD045
AD046,TCAGATTC,AD500,NNNNNNNN,AD046
AD047,TACTAGTC,AD500,NNNNNNNN,AD047
AD048,TTCAGCTC,AD500,NNNNNNNN,AD048
K752,AACCTCAT,K500,NNNNNNNN,K52
K753,AAGACTAT,K500,NNNNNNNN,K53
K754,AAGCGAAT,K500,NNNNNNNN,K54
K755,ATAATTAT,K500,NNNNNNNN,K55
K756,ATATGGAT,K500,NNNNNNNN,K56
K757,ATCGAAAT,K500,NNNNNNNN,K57
K758,ATGCAGAT,K500,NNNNNNNN,K58
K759,ACATCTAT,K500,NNNNNNNN,K59
K760,ACACACAT,K500,NNNNNNNN,K60
K761,ACCATAAT,K500,NNNNNNNN,K61
K762,AGATTAAT,K500,NNNNNNNN,K62
K763,AGCAGTAT,K500,NNNNNNNN,K63
K764,TACGTAAT,K500,NNNNNNNN,K64
K765,TAGTAAAT,K500,NNNNNNNN,K65
K766,TTACATAT,K500,NNNNNNNN,K66
K767,TTCTCCAT,K500,NNNNNNNN,K67
K768,TTCCTGAT,K500,NNNNNNNN,K68
K769,TCAAGTAT,K500,NNNNNNNN,K69
K770,TCTACCAT,K500,NNNNNNNN,K70
K771,TGAATGAT,K500,NNNNNNNN,K71
K772,TGTTAGAT,K500,NNNNNNNN,K72
K773,TGTCTCAT,K500,NNNNNNNN,K73
K774,TGTGCTAT,K500,NNNNNNNN,K74
K775,TGGAGAAT,K500,NNNNNNNN,K75
S97001,CTGATCGT,S95001,GCGCATAT,769
S97002,ACTCTCGA,S95002,CTGTACCA,770
S97003,TGAGCTAG,S95003,GAACGGTT,771
S97004,GAGACGAT,S95004,ACCGGTTA,772
S97005,CTTGTCGA,S95005,CGATGTTC,773
S97006,TTCCAAGG,S95006,CTACAAGG,774
S97007,CGCATGAT,S95007,AAGCCTGA,775
S97008,ACGGAACA,S95008,ACGAGAAC,776
S97009,CGGCTAAT,S95009,CTCGTTCT,777
S97010,ATCGATCG,S95010,TGGAAGCA,778
S97011,GCAAGATC,S95011,AGTCGAAG,779
S97012,GCTATCCT,S95012,AACAGGTG,780
S97013,TACGCTAC,S95013,CGTGTGAT,781
S97014,TGGACTCT,S95014,TCTTACGG,782
S97015,AGAGTAGC,S95015,AAGGCGTA,783
S97016,ATCCAGAG,S95016,TAACGTCG,784
S97017,GACGATCT,S95017,TCGTGCAT,785
S97018,AACTGAGC,S95018,CAATCAGG,786
S97019,CTTAGGAC,S95019,ACTCCTAC,787
S97020,GTGCCATA,S95020,CTCCTAGT,788
S97021,GAATCCGA,S95021,AGCTAGTG,789
S97022,TCGCTGTT,S95022,CAAGTCGT,790
S97023,TTCGTTGG,S95023,TACACACG,791
S97024,AAGCACTG,S95024,AGGTCAAC,792
S97025,CCTTGATC,S95025,GATGGAGT,793
S97026,GTCGAAGA,S95026,CCACATTG,794
S97027,ACCACGAT,S95027,GTCTGCAA,795
S97028,GATTACCG,S95028,TTGGACTG,796
S97029,GCACAACT,S95029,CTGAACGT,797
S97030,GCGTCATT,S95030,CAGACGTT,798
S97031,ATCCGGTA,S95031,GACCGATA,799
S97032,CGTTGCAA,S95032,ATAGAGCG,800
S97033,GTGAAGTG,S95033,GAGCAATC,801
S97034,CATGGCTA,S95034,CACACATC,802
S97035,ATGCCTGT,S95035,AGATTGCG,803
S97036,CAACACCT,S95036,AGCTACCA,804
S97037,TGTGACTG,S95037,AGCCTATC,805
S97038,GTCATCGA,S95038,GATCCACT,806
S97039,AGCACTTC,S95039,ACGTCCAA,807
S97040,GAAGGAAG,S95040,GACGTCAT,808
S97041,GTTGTTCG,S95041,CCAACTTC,809
S97042,CGGTTGTT,S95042,GTGGTATG,810
S97043,ACTGAGGT,S95043,GTCAACAG,811
S97044,TGAAGACG,S95044,ACATGCCA,812
S97045,GTTACGCA,S95045,ATGGCGAT,813
S97046,AGCGTGTT,S95046,CTTCGCAA,814
S97047,GATCGAGT,S95047,GACGAACT,815
S97048,ACAGCTCA,S95048,TACTGCTC,816
S97049,GAGCAGTA,S95049,TGAGCTGT,817
S97050,AGTTCGTC,S95050,ACTCGATC,818
S97051,TTGCGAAG,S95051,AACACGCT,819
S97052,ATCGCCAT,S95052,TGCGTAAC,820
S97053,TGGCATGT,S95053,CGTCTTCA,821
S97054,CTGTTGAC,S95054,ACCTCAGT,822
S97055,CATACCAC,S95055,AACAACCG,823
S97056,GAAGTTGG,S95056,CGAACAAC,824
S97057,ATGACGTC,S95057,CTTCCTTC,825
S97058,TTGGACGT,S95058,GAAGTGCT,826
S97059,AGTGGATC,S95059,TCGATGAC,827
S97060,GATAGGCT,S95060,CAGTCACA,828
S97061,TGGTAGCT,S95061,AGGTGTTG,829
S97062,CGCAATCT,S95062,ACAGGCAT,830
S97063,GATGTGTG,S95063,TAGCCATG,831
S97064,GATTGCTC,S95064,CACTTCAC,832
S97065,CGCTCTAT,S95065,TTGCAACG,833
S97066,TATCGGTC,S95066,TACCGGAT,834
S97067,AACGTCTG,S95067,AATGACGC,835
S97068,ACGTTCAG,S95068,AGTTGTGC,836
S97069,CAGTCCAA,S95069,CGGTAATC,837
S97070,TTGCAGAC,S95070,ATCGTGGT,838
S97071,CAATGTGG,S95071,TCTTCGAC,839
S97072,ACTCCATC,S95072,GATCAAGG,840
S97073,GTTGACCT,S95073,CAGTGCTT,841
S97074,CGTGTGTA,S95074,CCAACGAA,842
S97075,ACGACTTG,S95075,AACAGCGA,843
S97076,CACTAGCT,S95076,TCGGATTC,844
S97077,ACTAGGAG,S95077,TATGGCAC,845
S97078,GTAGGAGT,S95078,GTCCTAAG,846
S97079,CCTGATTG,S95079,GCTCAGTT,847
S97080,ATGCACGA,S95080,AGATCGTC,848
S97081,CGACGTTA,S95081,CTCTGGAT,849
S97082,TACGCCTT,S95082,GCTACTCT,850
S97083,CCGTAAGA,S95083,AGAGTCCA,851
S97084,ATCACACG,S95084,GTAGCGTA,852
S97085,CACCTGTT,S95085,AGGATAGC,853
S97086,CTTCGACT,S95086,GATCTTGC,854
S97087,TGCTTCCA,S95087,CGATCGAT,855
S97088,AGAACGAG,S95088,ATTAGCCG,856
S97089,GTTCTCGT,S95089,TGTTCCGT,857
S97090,TCAGGCTT,S95090,ATCATGCG,858
S97091,CCTTGTAG,S95091,CCTTGGAA,859
S97092,GAACATCG,S95092,TCGACAAG,860
S97093,TAACCGGT,S95093,ATCGTCTC,861
S97094,AACCGTTC,S95094,CTAGCTCA,862
S97095,TGGTACAG,S95095,TCGAGAGT,863
S97096,ATATGCGC,S95096,ACGATCAG,864
S97097,GCCTATCA,S95097,AATGGTCG,865
S97098,CTTGGATG,S95098,TCGCTATC,866
S97099,AGTCTCAC,S95099,CGTCCATT,867
S97100,CTCATCAG,S95100,TACTAGCG,868
S97101,TGTACCGT,S95101,CCTAGAGA,869
S97102,AAGTCGAG,S95102,CGCAATGT,870
S97103,CACGTTGT,S95103,ACACCTCA,871
S97104,TCACAGCA,S95104,GAGGCATT,872
S97105,CTACTTGG,S95105,TACTCCAG,873
S97106,CCTCAGTT,S95106,CAGCATAC,874
S97107,TCCTACCT,S95107,ACTCTCCA,875
S97108,ATGGCGAA,S95108,CTCTATCG,876
S97109,CTTACCTG,S95109,GCAATGAG,877
S97110,CTCGATAC,S95110,AAGCTGGT,878
S97111,TCCGTGAA,S95111,CACGATTC,879
S97112,TAGAGCTC,S95112,AGAAGCCT,880
S97113,TGACTGAC,S95113,CAGAACTG,881
S97114,TAGACGTG,S95114,CTCACCAA,882
S97115,CCGGAATT,S95115,ACCGAATG,883
S97116,CTCCTAGA,S95116,GCTTCACA,884
S97117,CAACGGAT,S95117,GCCACTTA,885
S97118,TGGCTATC,S95118,CATCACGT,886
S97119,CGGTCATA,S95119,TGCTCTAC,887
S97120,TCCAATCG,S95120,CAACTGAC,888
S97121,GAGCTTGT,S95121,CCTCGAAT,889
S97122,GAAGGTTC,S95122,CCAGTATC,890
S97123,ATCTCGCT,S95123,AACAAGGC,891
S97124,AGTTACGG,S95124,GAGACCAA,892
S97125,GTGTCTGA,S95125,ATAGTCGG,893
S97126,TGACTTCG,S95126,CTTAGGAC,894
S97127,TGGATCAC,S95127,GCATTGGT,895
S97128,ACACCAGT,S95128,AGTGCATC,896
S97129,CAGGTTAG,S95129,AATCCAGC,897
S97130,AGTTGGCT,S95130,GCAACCAT,898
S97131,TCAACTGG,S95131,CGATTCTG,899
S97132,CTGCACTT,S95132,AAGCGTTC,900
S97133,ACACGGTT,S95133,TGGTTCGA,901
S97134,AATACGCG,S95134,TGCGATAG,902
S97135,TGCGAACT,S95135,CAACCGTA,903
S97136,GCTGACTA,S95136,GACATCTC,904
S97137,GTGGTGTT,S95137,GCTGTAAG,905
S97138,GTGCTTAC,S95138,TTCCTCCT,906
S97139,TCAAGGAC,S95139,CATTCGTC,907
S97140,TGAACCTG,S95140,ACCTCTTC,908
S97141,AGTGTTGG,S95141,CATTGACG,909
S97142,GTACTCTC,S95142,TCCTGGTA,910
S97143,CCGTATCT,S95143,TTCGTACG,911
S97144,CGAAGAAC,S95144,CCTAAGTC,912
S97145,AGCGGAAT,S95145,ACTGCACT,913
S97146,GTGAGCTT,S95146,CGGATCAA,914
S97147,CGTGATCA,S95147,GAATGGCA,915
S97148,TCGCATTG,S95148,ACAGCAAG,916
S97149,TGACGCAT,S95149,TCAGTAGG,917
S97150,CCGATGTA,S95150,CAACTTGG,918
S97151,TTCGCAGT,S95151,TCCGATCA,919
S97152,ACGACAGA,S95152,CGCAACTA,920
S97153,AGCTTGAG,S95153,GATCAGAC,921
S97154,GAGTGGTT,S95154,GCATAACG,922
S97155,GCTGTAAG,S95155,TACAGAGC,923
S97156,CCAAGACT,S95156,CTCGGTAA,924
S97157,ATTGCGTG,S95157,GTTATGGC,925
S97158,CTGAAGCT,S95158,ACTCTGAG,926
S97159,TAACGAGG,S95159,TAGTCTCG,927
S97160,TCGTCTCA,S95160,AACGCACA,928
S97161,TTCCTGTG,S95161,CTCCTGAA,929
S97162,CGTTGAGT,S95162,GCATAGTC,930
S97163,AGTCGCTT,S95163,TCGAACCT,931
S97164,TAGGTAGG,S95164,CACAGACT,932
S97165,CAGGAGAT,S95165,CCTTAGGT,933
S97166,CATCGTGA,S95166,TACCTGCA,934
S97167,TGTTGTGG,S95167,GTGTCCTT,935
S97168,ACAGACCT,S95168,CTAGGTTG,936
S97169,GTCCTTCT,S95169,TGTGTCAG,937
S97170,TGATACGC,S95170,CAACGAGT,938
S97171,CTGTGTTG,S95171,TAGGAGCT,939
S97172,AACGTGGA,S95172,CCGATGTA,940
S97173,GTTGCGAT,S95173,GACTTGTG,941
S97174,AACGACGT,S95174,TCAATCCG,942
S97175,CGTATTCG,S95175,TGTCGACT,943
S97176,AGCAAGCA,S95176,AAGGAGAC,944
S97177,TGTTCGAG,S95177,CGTATCTC,945
S97178,CTCCATGT,S95178,ACACCGAT,946
S97179,CGTCTTGT,S95179,TTGCGAGA,947
S97180,ATAAGGCG,S95180,GCGTTAGA,948
S97181,TGTCTGCT,S95181,GTCGATTG,949
S97182,CGCTTAAC,S95182,AAGTCCTC,950
S97183,GATCCATG,S95183,CAACTCCA,951
S97184,ACCTCTGT,S95184,ATGCCTAG,952
S97185,GCCACTTA,S95185,GAGTAGAG,953
S97186,ACCTGACT,S95186,ACGCTTCT,954
S97187,GTTAAGGC,S95187,ACCTTCGA,955
S97188,ATGCCAAC,S95188,TTACCGAC,956
S97189,AGAGGTTG,S95189,GTCATCGT,957
S97190,ACCATCCA,S95190,CATACGGA,958
S97191,GTGGATAG,S95191,TCACCTAG,959
S97192,CTGAGATC,S95192,AGGCAATG,960
S97193,CTTCGTTC,S95193,GAGAAGGT,961
S97194,GTCTAGGT,S95194,ATCCACGA,962
S97195,ACGTCGTA,S95195,CCATGAAC,963
S97196,GAGCTCAA,S95196,GCATCCTA,964
S97197,CGTGTACT,S95197,GTTCCATG,965
S97198,CACTGACA,S95198,AGCTAAGC,966
S97199,TCGTAGTC,S95199,CGAGTTAG,967
S97200,GCACGTAA,S95200,CACATGGT,968
S97201,CAAGCAGT,S95201,TCGTCTGA,969
S97202,ACATAGGC,S95202,CGCTGATA,970
S97203,TGTGGTAC,S95203,CATCTGCT,971
S97204,CACCACTA,S95204,TGACCGTT,972
S97205,CTGCGTAT,S95205,ACAGTTCG,973
S97206,ACGGTCTT,S95206,AACTCGGA,974
S97207,GATTGGAG,S95207,CGAGAGAA,975
S97208,TGTCCAGA,S95208,GCCAGAAT,976
S97209,CCAGTGTT,S95209,CTAGCAGT,977
S97210,TGCACCAA,S95210,CCGTTATG,978
S97211,TTGACAGG,S95211,GAAGACTG,979
S97212,AGGCATAG,S95212,AAGAGGCA,980
S97213,TAGCCGAA,S95213,GACACAGT,981
S97214,TTGTCGGT,S95214,GCCAATAC,982
S97215,CATCTACG,S95215,AAGCATCG,983
S97216,GCATACAG,S95216,TCAGCCTT,984
S97217,ACAGCAAC,S95217,TCCTGACT,985
S97218,CTGGTTCT,S95218,GATACCTG,986
S97219,TCGACATC,S95219,ATCGGAGA,987
S97220,AACCTCCT,S95220,AGGCTGAA,988
S97221,CAGCGATT,S95221,CTCTCAGA,989
S97222,AGGTCACT,S95222,CGACCTAA,990
S97223,GCAATTCG,S95223,AACCAGAG,991
S97224,GCTTCTTG,S95224,TAGAACGC,992
S97225,AACTGGTG,S95225,GAACGTGA,993
S97226,CGGAATAC,S95226,ACCATCCT,994
S97227,GCTTCGAA,S95227,AGGAACAC,995
S97228,CAAGGTCT,S95228,GATGCTAC,996
S97229,AACCTTGG,S95229,CAGATCCT,997
S97230,CCATACGT,S95230,CTCTTGTC,998
S97231,TGGTCCTT,S95231,AGCCGTAA,999
S97232,ACCGCATA,S95232,ACAACAGC,1000
S97233,CCTTCCTT,S95233,CTTCGGTT,1001
S97234,TACACGCT,S95234,AGAGCAGA,1002
S97235,TGCGTAGA,S95235,TAGCTGAG,1003
S97236,AAGAGCCA,S95236,TGGTGAAG,1004
S97237,ATGGAAGG,S95237,GTACGATC,1005
S97238,GCCAGTAT,S95238,CACTGTAG,1006
S97239,CGTAGGTT,S95239,TCACTCGA,1007
S97240,CGAGTATG,S95240,TGCACTTG,1008
S97241,CAAGTGCA,S95241,CATACTCG,1009
S97242,TCGAGTGA,S95242,AACCTACG,1010
S97243,CTACAGTG,S95243,ATACTGGC,1011
S97244,GATCGTAC,S95244,CCTTCCAT,1012
S97245,CTTCACCA,S95245,TGGCTCTT,1013
S97246,CTCAGCTA,S95246,TCTACGCA,1014
S97247,TCTGCTCT,S95247,AGCGTGTA,1015
S97248,AACCGAAG,S95248,AAGGAAGG,1016
S97249,GCTGTTGT,S95249,TATGCGGT,1017
S97250,TTACGGCT,S95250,AAGGACCA,1018
S97251,GACAAGAG,S95251,ACGTATGG,1019
S97252,AGGATCTG,S95252,CCAAGGTT,1020
S97253,GTAGCATC,S95253,AGACCTTG,1021
S97254,GTGTTCCT,S95254,TTCGAAGC,1022
S97255,AGGATGGT,S95255,GTATTCCG,1023
S97256,TCACGTTC,S95256,CACCAGTT,1024
S97257,GCGTTCTA,S95257,CAAGAAGC,1025
S97258,CTCTGGTT,S95258,CGAATTGC,1026
S97259,TTAGGTCG,S95259,AGTGACCT,1027
S97260,TCTGAGAG,S95260,AATCGCTG,1028
S97261,TTCAGCCT,S95261,AGGAGGTT,1029
S97262,TCTCCGAT,S95262,GATGTCGA,1030
S97263,CAGGTATC,S95263,AGAACCAG,1031
S97264,AGTCAGGA,S95264,GTTGCTGT,1032
S97265,AAGGCTGA,S95265,CTGTATGC,1033
S97266,CGATGCTT,S95266,CGTAGATG,1034
S97267,GTATTGGC,S95267,ACCGACAA,1035
S97268,ACTGTGTC,S95268,TTCGGCTA,1036
S97269,TGCCTCTT,S95269,CTATGCCT,1037
S97270,CAGTCTTC,S95270,CCTGTCAA,1038
S97271,CATAACGG,S95271,TTGGTGCA,1039
S97272,ACTGCTAG,S95272,AACACTGG,1040
S97273,ATTCTGGC,S95273,TCTGGACA,1041
S97274,TTCTCTCG,S95274,CTCCAATC,1042
S97275,TCCGAGTT,S95275,AAGACCGT,1043
S97276,CGAACTGT,S95276,ATACGCAG,1044
S97277,AACGGTCA,S95277,TAGTGGTG,1045
S97278,AGCAGATG,S95278,GTACCACA,1046
S97279,TATCAGCG,S95279,GCCTATGT,1047
S97280,TCAGACGA,S95280,ACTGCTTG,1048
S97281,ACCATGTG,S95281,TTACGTGC,1049
S97282,CTAACTCG,S95282,GACTACGA,1050
S97283,GCTTAGCT,S95283,TGTCAGTG,1051
S97284,CATGGAAC,S95284,AGTACACG,1052
S97285,TAGGATGC,S95285,TTGAGCTC,1053
S97286,GTTCATGG,S95286,TACGACGT,1054
S97287,TCGTGGAT,S95287,ACCTAGAC,1055
S97288,ACCTTCTC,S95288,GAACGAAG,1056
S97289,CATTGCCT,S95289,GATCTCAG,1057
S97290,CTAGGTGA,S95290,CTATCCAC,1058
S97291,TCCGTATG,S95291,TGGATGGT,1059
S97292,ACGATGAC,S95292,CAACCTCT,1060
S97293,GTCGGTAA,S95293,GTTGGCAT,1061
S97294,TCGAAGGT,S95294,GCCTTAAC,1062
S97295,AGAAGCGT,S95295,AGTCAGGT,1063
S97296,CTCTACTC,S95296,TAAGTGGC,1064
S97297,CTAGGCAT,S95297,ACAGAGGT,1065
S97298,TGGAGTTG,S95298,CATGGATC,1066
S97299,GAGGACTT,S95299,GTTAAGCG,1067
S97300,CAATCGAC,S95300,AGCAGACA,1068
S97301,TCTAACGC,S95301,CGCCTTAT,1069
S97302,TCTCGCAA,S95302,ACAAGACG,1070
S97303,ATCGGTGT,S95303,ACATGGAG,1071
S97304,GAGATACG,S95304,CTCGAACA,1072
S97305,GTCTCCTT,S95305,TGCTTGCT,1073
S97306,AGTCGACA,S95306,CGAATACG,1074
S97307,CGGATTGA,S95307,ACGTCGTT,1075
S97308,CACAAGTC,S95308,ATCGCAAC,1076
S97309,TACATCGG,S95309,TCCACGTT,1077
S97310,AGCTCCTA,S95310,CAACACAG,1078
S97311,ACTCGTTG,S95311,GCGTATCA,1079
S97312,CTGACACA,S95312,AGAAGGAC,1080
S97313,CAACCTAG,S95313,AGGTCTGT,1081
S97314,AAGGACAC,S95314,CCACAACA,1082
S97315,TGCAGGTA,S95315,TCACGATG,1083
S97316,ACCTAAGG,S95316,ATCTCCTG,1084
S97317,AGTCTGTG,S95317,CCTACCTA,1085
S97318,AGGTTCGA,S95318,AAGCGACT,1086
S97319,GACTATGC,S95319,ACTCAACG,1087
S97320,TTCAGGAG,S95320,CACAGGAA,1088
S97321,TGTGCGTT,S95321,TGAGACGA,1089
S97322,CGAGACTA,S95322,CCTCGTTA,1090
S97323,CTCAGAGT,S95323,AGCTTCAG,1091
S97324,GCCATAAC,S95324,CACGCAAT,1092
S97325,TTACCGAG,S95325,AGTCTTGG,1093
S97326,GCTCTGTA,S95326,CTTACAGC,1094
S97327,CGTTATGC,S95327,AACCACTC,1095
S97328,GTCTGATC,S95328,CTCAAGCT,1096
S97329,TAGTTGCG,S95329,TCTGTCGT,1097
S97330,TGATCGGA,S95330,ACTGCGAA,1098
S97331,CCAAGTTG,S95331,TACATCGG,1099
S97332,CCTACTGA,S95332,ATGCGTCA,1100
S97333,CTTGCTGT,S95333,CAATGCGA,1101
S97334,TGCCATTC,S95334,TGATCACG,1102
S97335,TTGATCCG,S95335,AAGCTCAC,1103
S97336,AGTGCAGT,S95336,ATTCCGCT,1104
S97337,GACTTAGG,S95337,GTTCTTCG,1105
S97338,CGTACGAA,S95338,AGATACGG,1106
S97339,TACCAGGA,S95339,GAGAGTAC,1107
S97340,CGTCAATG,S95340,CCAACACT,1108
S97341,GAAGAGGT,S95341,CAGGTTCA,1109
S97342,GACGAATG,S95342,GTCCTTGA,1110
S97343,AGGAGGAA,S95343,GTAAGCAC,1111
S97344,CTTACAGC,S95344,AACACCAC,1112
S97345,GAGATGTC,S95345,TAGTCAGC,1113
S97346,TACGGTTG,S95346,AGTTCGCA,1114
S97347,CTATCGCA,S95347,CGCGTATT,1115
S97348,TCGAACCA,S95348,AACCGTGT,1116
S97349,GAACGCTT,S95349,AAGTGCAG,1117
S97350,CAGAATCG,S95350,CCAGTTGA,1118
S97351,ATGGTTGC,S95351,AGCCAACT,1119
S97352,GCTGGATT,S95352,CTAACCTG,1120
S97353,GATGCACT,S95353,ACTGGTGT,1121
S97354,ACCAATGC,S95354,GTGATCCA,1122
S97355,GTCCTAAG,S95355,CGAAGTCA,1123
S97356,CCGACTAT,S95356,TCAGACAC,1124
S97357,TTGGTCTC,S95357,CCGTAACT,1125
S97358,GCCTTGTT,S95358,AGCGAGAT,1126
S97359,GATACTGG,S95359,GAACCTTC,1127
S97360,ATTCGAGG,S95360,ACAAGCTC,1128
S97361,GTCAGTTG,S95361,CGATTGGA,1129
S97362,GTAGAGCA,S95362,TATGACCG,1130
S97363,ACGTGATG,S95363,GATAGCCA,1131
S97364,TAAGTGGC,S95364,ATCCGTTG,1132
S97365,TGTGAAGC,S95365,TCTAGGAG,1133
S97366,CATTCGGT,S95366,AATTCCGG,1134
S97367,TTGGTGAG,S95367,CACGTCTA,1135
S97368,CAGTTCTG,S95368,GTCAGTCA,1136
S97369,AGGCTTCT,S95369,GAGCTCTA,1137
S97370,GAATCGTG,S95370,TTCACGGA,1138
S97371,ACCAGCTT,S95371,GTATCGAG,1139
S97372,CTCATTGC,S95372,CAGGTAAG,1140
S97373,CGATAGAG,S95373,TTCGCCAT,1141
S97374,TGGAGAGT,S95374,AGGTAGGA,1142
S97375,GTATGCTG,S95375,AACTGAGG,1143
S97376,CTGGAGTA,S95376,CCAAGTAG,1144
S97377,AATGCCTC,S95377,TGCTGTGA,1145
S97378,TGAGGTGT,S95378,ACAACGTG,1146
S97379,ACATTGCG,S95379,CTCGACTT,1147
S97380,TCTCTAGG,S95380,ACGGTACA,1148
S97381,CGCTAGTA,S95381,CTGATGAG,1149
S97382,AATGGACG,S95382,GTGAGACT,1150
S97383,GATAGCGA,S95383,CATCCAAG,1151
S97384,CGACCATT,S95384,TGATAGGC,1152
M725,GCTTCACA,M525,ACGACGTG,M025
M726,CGATGTTT,M526,ATCAATTG,M026
M727,TTAGGCAT,M527,TACAATAT,M027
M728,ACAGTGGT,M528,CGTGCTAT,M028
M729,GCCAATGT,M529,ACATGTGT,M029
M730,CAGATCTG,M530,CATTACAT,M030
M731,ACTTGATG,M531,CAGATACT,M031
M732,TAGCTTGT,M532,TCAAGCAT,M032
M733,TGGTTGTT,M533,ATACAGTT,M033
M734,TGTACCTT,M534,AATGCCTG,M034
M735,TCTGCTGT,M535,ATCGCCTT,M035
M736,TTGGAGGT,M536,TTCGACGC,M036
M737,TCGAGCGT,M537,TGTCGTTC,M037
M738,TGATACGT,M538,TGCTTGCC,M038
M739,TGCATAGT,M539,TCGGTTAC,M039
M740,TGCGATCT,M540,TCCATAGC,M040
M741,TTCCTGCT,M541,TAAGTGTC,M041
M742,TACAGGAT,M542,GTCCAACC,M042
M743,TGTGGTTG,M543,GAATCTGA,M043
M744,TTCCATTG,M544,CTGGCATA,M044
M745,TAACGCTG,M545,CTGAGCCA,M045
M746,TTGGTATG,M546,CTCAATGA,M046
M747,TGAACTGG,M547,CGCATACA,M047
M748,TACTTCGG,M548,CGACTGGA,M048
M749,TCCAGTCG,M549,CCGAAGTA,M049
M750,TGTATGCG,M550,CCAGTTCA,M050
M751,TCATTGAG,M551,CATACCAA,M051
M752,TGGCTCAG,M552,CAGCGTTA,M052
M753,TATGCCAG,M553,CAATGGAA,M053
M754,TCAGATTC,M554,CAACCACA,M054
M755,GGTTGGAC,M555,ATCCTGTA,M055
M756,GACACTTA,M556,AGCAGGAA,M056
M757,GCTATGGA,M557,AGATCGCA,M057
M758,GTAACCGA,M558,ACTATGCA,M058
M759,GGCAAGCA,M559,ACGTATCA,M059
M760,GAACGACA,M560,ACGCTCGA,M060
M761,GCGTCGAA,M561,ACCTCCAA,M061
M762,AAGGCGAT,M562,ACAGCAGA,M062
M763,CAGGCATT,M563,AAGGTACA,M063
M764,AACTGTAT,M564,AACAACCA,M064
M765,ATGCTTGA,M565,ACAAGCTA,M065
M766,AGTATCTG,M566,CATCAAGT,M066
M767,ATGTAATG,M567,CAGATCTG,M067
M768,ACACATGT,M568,ACATTGGC,M068
M769,ATAGCACG,M569,ACCACTGT,M069
M770,ATATTGTA,M570,ATGCCTAA,M070
M771,CAATTGAT,M571,AAACATCG,M071
M772,CACGTCGT,M572,TGTGAAGC,M072
M773,AGTCTGTA,M573,CCTACTGA,M073
M774,CCGTATCT,M574,AGAACGAG,M074
M775,CGCTTCCT,M575,CGGTTGTT,M075
M776,CAAGACCT,M576,CATGAGGA,M076
M777,CCTAGTAT,M577,TGGAGAGT,M077
M778,CCACCGAT,M578,CGATAGAG,M078
M779,CTATCATG,M579,TGACTTCG,M079
M780,CATGAATG,M580,GGAAGGAT,M080
M781,CTGTACGG,M581,CGAACTGT,M081
M782,CACTCGAG,M582,TGTTCGAG,M082
M783,CCGACAAG,M583,AAGCACTG,M083
M784,CTTGCTTC,M584,AAGGCTGA,M084
M785,CGCCTTAT,M585,GTTCATGG,M085
M786,GCAACCAT,M586,GTACCTTG,M086
M787,TGACCGTT,M587,AGCGGAAT,M087
M788,TTGAGCTC,M588,TGGCATGT,M088
M789,CCACATTG,M589,AGTGTTGG,M089
M790,AGCCAACT,M590,TGTGACTG,M090
M791,ATCACGTT,M591,CGAGACTA,M091
M792,TCTCGGTT,M592,TGTGCGTT,M092
M793,TTGACTCT,M593,CTTACCTG,M093
M794,TCGAAGTG,M594,CCTATGGT,M094
M795,CACCCAAA,M595,TGAGGTGT,M095
M796,CTTCACAT,M596,CTGTGTTG,M096
M797,CTGATCGT,M597,GCGCATAT,M097
M798,ACTCTCGA,M598,CTGTACCA,M098
M799,TGAGCTAG,M599,GAACGGTT,M099
M7100,GAGACGAT,M5100,ACCGGTTA,M100
M7101,CTTGTCGA,M5101,CGATGTTC,M101
M7102,TTCCAAGG,M5102,CTACAAGG,M102
M7103,CGCATGAT,M5103,AAGCCTGA,M103
M7104,ACGGAACA,M5104,ACGAGAAC,M104
M7105,CGGCTAAT,M5105,CTCGTTCT,M105
N701,TAAGGCGA,S502,ATAGAGAG,N01
N702,CGTACTAG,S502,ATAGAGAG,N02
N703,AGGCAGAA,S502,ATAGAGAG,N03
N704,TCCTGAGC,S502,ATAGAGAG,N04
N705,GGACTCCT,S502,ATAGAGAG,N05
N706,TAGGCATG,S502,ATAGAGAG,N06
N707,CTCTCTAC,S502,ATAGAGAG,N07
N710,CGAGGCTG,S502,ATAGAGAG,N08
N711,AAGAGGCA,S502,ATAGAGAG,N09
N712,GTAGAGGA,S502,ATAGAGAG,N10
N714,GCTCATGA,S502,ATAGAGAG,N11
N715,ATCTCAGG,S502,ATAGAGAG,N12
N701,TAAGGCGA,S503,AGAGGATA,N13
N702,CGTACTAG,S503,AGAGGATA,N14
N703,AGGCAGAA,S503,AGAGGATA,N15
N704,TCCTGAGC,S503,AGAGGATA,N16
N705,GGACTCCT,S503,AGAGGATA,N17
N706,TAGGCATG,S503,AGAGGATA,N18
N707,CTCTCTAC,S503,AGAGGATA,N19
N710,CGAGGCTG,S503,AGAGGATA,N20
N711,AAGAGGCA,S503,AGAGGATA,N21
N712,GTAGAGGA,S503,AGAGGATA,N22
N714,GCTCATGA,S503,AGAGGATA,N23
N715,ATCTCAGG,S503,AGAGGATA,N24
N701,TAAGGCGA,S505,CTCCTTAC,N25
N702,CGTACTAG,S505,CTCCTTAC,N26
N703,AGGCAGAA,S505,CTCCTTAC,N27
N704,TCCTGAGC,S505,CTCCTTAC,N28
N705,GGACTCCT,S505,CTCCTTAC,N29
N706,TAGGCATG,S505,CTCCTTAC,N30
N707,CTCTCTAC,S505,CTCCTTAC,N31
N710,CGAGGCTG,S505,CTCCTTAC,N32
N711,AAGAGGCA,S505,CTCCTTAC,N33
N712,GTAGAGGA,S505,CTCCTTAC,N34
N714,GCTCATGA,S505,CTCCTTAC,N35
N715,ATCTCAGG,S505,CTCCTTAC,N36
N701,TAAGGCGA,S506,TATGCAGT,N37
N702,CGTACTAG,S506,TATGCAGT,N38
N703,AGGCAGAA,S506,TATGCAGT,N39
N704,TCCTGAGC,S506,TATGCAGT,N40
N705,GGACTCCT,S506,TATGCAGT,N41
N706,TAGGCATG,S506,TATGCAGT,N42
N707,CTCTCTAC,S506,TATGCAGT,N43
N710,CGAGGCTG,S506,TATGCAGT,N44
N711,AAGAGGCA,S506,TATGCAGT,N45
N712,GTAGAGGA,S506,TATGCAGT,N46
N714,GCTCATGA,S506,TATGCAGT,N47
N715,ATCTCAGG,S506,TATGCAGT,N48
N701,TAAGGCGA,S507,TACTCCTT,N49
N702,CGTACTAG,S507,TACTCCTT,N50
N703,AGGCAGAA,S507,TACTCCTT,N51
N704,TCCTGAGC,S507,TACTCCTT,N52
N705,GGACTCCT,S507,TACTCCTT,N53
N706,TAGGCATG,S507,TACTCCTT,N54
N707,CTCTCTAC,S507,TACTCCTT,N55
N710,CGAGGCTG,S507,TACTCCTT,N56
N711,AAGAGGCA,S507,TACTCCTT,N57
N712,GTAGAGGA,S507,TACTCCTT,N58
N714,GCTCATGA,S507,TACTCCTT,N59
N715,ATCTCAGG,S507,TACTCCTT,N60
N701,TAAGGCGA,S508,AGGCTTAG,N61
N702,CGTACTAG,S508,AGGCTTAG,N62
N703,AGGCAGAA,S508,AGGCTTAG,N63
N704,TCCTGAGC,S508,AGGCTTAG,N64
N705,GGACTCCT,S508,AGGCTTAG,N65
N706,TAGGCATG,S508,AGGCTTAG,N66
N707,CTCTCTAC,S508,AGGCTTAG,N67
N710,CGAGGCTG,S508,AGGCTTAG,N68
N711,AAGAGGCA,S508,AGGCTTAG,N69
N712,GTAGAGGA,S508,AGGCTTAG,N70
N714,GCTCATGA,S508,AGGCTTAG,N71
N715,ATCTCAGG,S508,AGGCTTAG,N72
N701,TAAGGCGA,S510,ATTAGACG,N73
N702,CGTACTAG,S510,ATTAGACG,N74
N703,AGGCAGAA,S510,ATTAGACG,N75
N704,TCCTGAGC,S510,ATTAGACG,N76
N705,GGACTCCT,S510,ATTAGACG,N77
N706,TAGGCATG,S510,ATTAGACG,N78
N707,CTCTCTAC,S510,ATTAGACG,N79
N710,CGAGGCTG,S510,ATTAGACG,N80
N711,AAGAGGCA,S510,ATTAGACG,N81
N712,GTAGAGGA,S510,ATTAGACG,N82
N714,GCTCATGA,S510,ATTAGACG,N83
N715,ATCTCAGG,S510,ATTAGACG,N84
N701,TAAGGCGA,S511,CGGAGAGA,N85
N702,CGTACTAG,S511,CGGAGAGA,N86
N703,AGGCAGAA,S511,CGGAGAGA,N87
N704,TCCTGAGC,S511,CGGAGAGA,N88
N705,GGACTCCT,S511,CGGAGAGA,N89
N706,TAGGCATG,S511,CGGAGAGA,N90
N707,CTCTCTAC,S511,CGGAGAGA,N91
N710,CGAGGCTG,S511,CGGAGAGA,N92
N711,AAGAGGCA,S511,CGGAGAGA,N93
N712,GTAGAGGA,S511,CGGAGAGA,N94
N714,GCTCATGA,S511,CGGAGAGA,N95
N715,ATCTCAGG,S511,CGGAGAGA,N96
M7106,ATCGATCG,M5106,TGGAAGCA,M106
M7107,GCAAGATC,M5107,AGTCGAAG,M107
M7108,GCTATCCT,M5108,AACAGGTG,M108
M7109,TACGCTAC,M5109,CGTGTGAT,M109
M7110,TGGACTCT,M5110,TCTTACGG,M110
M7111,AGAGTAGC,M5111,AAGGCGTA,M111
M7112,ATCCAGAG,M5112,TAACGTCG,M112
M7113,GACGATCT,M5113,TCGTGCAT,M113
M7114,AACTGAGC,M5114,CAATCAGG,M114
M7115,CTTAGGAC,M5115,ACTCCTAC,M115
M7116,GTGCCATA,M5116,CTCCTAGT,M116
M7117,GAATCCGA,M5117,AGCTAGTG,M117
M7118,TCGCTGTT,M5118,CAAGTCGT,M118
M7119,TTCGTTGG,M5119,TACACACG,M119
M7120,AAGCACTG,M5120,AGGTCAAC,M120
M7121,CCTTGATC,M5121,GATGGAGT,M121
M7122,GTCGAAGA,M5122,CCACATTG,M122
M7123,ACCACGAT,M5123,GTCTGCAA,M123
M7124,GATTACCG,M5124,TTGGACTG,M124
M7125,GCACAACT,M5125,CTGAACGT,M125
M7126,GCGTCATT,M5126,CAGACGTT,M126
M7127,ATCCGGTA,M5127,GACCGATA,M127
M7128,CGTTGCAA,M5128,ATAGAGCG,M128
M7129,GTGAAGTG,M5129,GAGCAATC,M129
M7130,CATGGCTA,M5130,CACACATC,M130
M7131,ATGCCTGT,M5131,AGATTGCG,M131
M7132,CAACACCT,M5132,AGCTACCA,M132
M7133,TGTGACTG,M5133,AGCCTATC,M133
M7134,GTCATCGA,M5134,GATCCACT,M134
M7135,AGCACTTC,M5135,ACGTCCAA,M135
M7136,GAAGGAAG,M5136,GACGTCAT,M136
M7137,GTTGTTCG,M5137,CCAACTTC,M137
M7138,CGGTTGTT,M5138,GTGGTATG,M138
M7139,ACTGAGGT,M5139,GTCAACAG,M139
M7140,TGAAGACG,M5140,ACATGCCA,M140
M7141,GTTACGCA,M5141,ATGGCGAT,M141
M7142,AGCGTGTT,M5142,CTTCGCAA,M142
M7143,GATCGAGT,M5143,GACGAACT,M143
M7144,ACAGCTCA,M5144,TACTGCTC,M144
M7145,GAGCAGTA,M5145,TGAGCTGT,M145
M7146,AGTTCGTC,M5146,ACTCGATC,M146
M7147,TTGCGAAG,M5147,AACACGCT,M147
M7148,ATCGCCAT,M5148,TGCGTAAC,M148
M7149,TGGCATGT,M5149,CGTCTTCA,M149
M7150,CTGTTGAC,M5150,ACCTCAGT,M150
M7151,CATACCAC,M5151,AACAACCG,M151
M7152,GAAGTTGG,M5152,CGAACAAC,M152
M7153,ATGACGTC,M5153,CTTCCTTC,M153
M7154,TTGGACGT,M5154,GAAGTGCT,M154
M7155,AGTGGATC,M5155,TCGATGAC,M155
M7156,GATAGGCT,M5156,CAGTCACA,M156
M7157,TGGTAGCT,M5157,AGGTGTTG,M157
M7158,CGCAATCT,M5158,ACAGGCAT,M158
M7159,GATGTGTG,M5159,TAGCCATG,M159
M7160,GATTGCTC,M5160,CACTTCAC,M160
M7161,CGCTCTAT,M5161,TTGCAACG,M161
M7162,TATCGGTC,M5162,TACCGGAT,M162
M7163,AACGTCTG,M5163,AATGACGC,M163
M7164,ACGTTCAG,M5164,AGTTGTGC,M164
M7165,CAGTCCAA,M5165,CGGTAATC,M165
M7166,TTGCAGAC,M5166,ATCGTGGT,M166
M7167,CAATGTGG,M5167,TCTTCGAC,M167
M7168,ACTCCATC,M5168,GATCAAGG,M168
M7169,GTTGACCT,M5169,CAGTGCTT,M169
M7170,CGTGTGTA,M5170,CCAACGAA,M170
M7171,ACGACTTG,M5171,AACAGCGA,M171
M7172,CACTAGCT,M5172,TCGGATTC,M172
M7173,ACTAGGAG,M5173,TATGGCAC,M173
M7174,GTAGGAGT,M5174,GTCCTAAG,M174
M7175,CCTGATTG,M5175,GCTCAGTT,M175
M7176,ATGCACGA,M5176,AGATCGTC,M176
M7177,CGACGTTA,M5177,CTCTGGAT,M177
M7178,TACGCCTT,M5178,GCTACTCT,M178
M7179,CCGTAAGA,M5179,AGAGTCCA,M179
M7180,ATCACACG,M5180,GTAGCGTA,M180
M7181,CACCTGTT,M5181,AGGATAGC,M181
M7182,CTTCGACT,M5182,GATCTTGC,M182
M7183,TGCTTCCA,M5183,CGATCGAT,M183
M7184,AGAACGAG,M5184,ATTAGCCG,M184
M7185,GTTCTCGT,M5185,TGTTCCGT,M185
M7186,TCAGGCTT,M5186,ATCATGCG,M186
M7187,CCTTGTAG,M5187,CCTTGGAA,M187
M7188,GAACATCG,M5188,TCGACAAG,M188
M7189,TAACCGGT,M5189,ATCGTCTC,M189
M7190,AACCGTTC,M5190,CTAGCTCA,M190
M7191,TGGTACAG,M5191,TCGAGAGT,M191
M7192,ATATGCGC,M5192,ACGATCAG,M192